run_id,query_type,strategy,symbol,latency_ms,rows_returned,watermark,ts
1,Q1_historical,batch_only,BTCUSDT,24.688,0,2026-09-02T06:16:04.789772+00:00,2026-09-27T06:16:04.818667+00:00
1,Q1_historical,speed_only,BTCUSDT,6.896,0,2026-09-02T06:16:04.789772+00:00,2026-09-27T06:16:04.818667+00:00
1,Q1_historical,lambda,BTCUSDT,8.51,0,2026-09-02T06:16:04.789772+00:00,2026-09-27T06:16:04.818667+00:00
2,Q1_historical,batch_only,BTCUSDT,8.751,0,2026-09-02T06:16:04.789772+00:00,2026-09-27T06:16:04.858922+00:00
2,Q1_historical,speed_only,BTCUSDT,8.038,0,2026-09-02T06:16:04.789772+00:00,2026-09-27T06:16:04.858922+00:00
2,Q1_historical,lambda,BTCUSDT,7.977,0,2026-09-02T06:16:04.789772+00:00,2026-09-27T06:16:04.858922+00:00
3,Q1_historical,batch_only,BTCUSDT,8.703,0,2026-09-02T06:16:04.789772+00:00,2026-09-27T06:16:04.883801+00:00
3,Q1_historical,speed_only,BTCUSDT,11.014,0,2026-09-02T06:16:04.789772+00:00,2026-09-27T06:16:04.883801+00:00
3,Q1_historical,lambda,BTCUSDT,8.841,0,2026-09-02T06:16:04.789772+00:00,2026-09-27T06:16:04.883801+00:00
4,Q1_historical,batch_only,BTCUSDT,7.434,0,2026-09-02T06:16:04.789772+00:00,2026-09-27T06:16:04.912485+00:00
4,Q1_historical,speed_only,BTCUSDT,9.219,0,2026-09-02T06:16:04.789772+00:00,2026-09-27T06:16:04.912485+00:00
4,Q1_historical,lambda,BTCUSDT,7.036,0,2026-09-02T06:16:04.789772+00:00,2026-09-27T06:16:04.912485+00:00
5,Q1_historical,batch_only,BTCUSDT,7.038,0,2026-09-02T06:16:04.789772+00:00,2026-09-27T06:16:04.936271+00:00
5,Q1_historical,speed_only,BTCUSDT,8.909,0,2026-09-02T06:16:04.789772+00:00,2026-09-27T06:16:04.936271+00:00
5,Q1_historical,lambda,BTCUSDT,7.886,0,2026-09-02T06:16:04.789772+00:00,2026-09-27T06:16:04.936271+00:00
6,Q1_historical,batch_only,BTCUSDT,7.144,0,2026-09-02T06:16:04.789772+00:00,2026-09-27T06:16:04.960215+00:00
6,Q1_historical,speed_only,BTCUSDT,7.886,0,2026-09-02T06:16:04.789772+00:00,2026-09-27T06:16:04.960215+00:00
6,Q1_historical,lambda,BTCUSDT,10.507,0,2026-09-02T06:16:04.789772+00:00,2026-09-27T06:16:04.960215+00:00
7,Q1_historical,batch_only,BTCUSDT,8.519,0,2026-09-02T06:16:04.789772+00:00,2026-09-27T06:16:04.985843+00:00
7,Q1_historical,speed_only,BTCUSDT,7.564,0,2026-09-02T06:16:04.789772+00:00,2026-09-27T06:16:04.985843+00:00
7,Q1_historical,lambda,BTCUSDT,8.221,0,2026-09-02T06:16:04.789772+00:00,2026-09-27T06:16:04.985843+00:00
8,Q1_historical,batch_only,BTCUSDT,8.01,0,2026-09-02T06:16:04.789772+00:00,2026-09-27T06:16:05.010263+00:00
8,Q1_historical,speed_only,BTCUSDT,7.775,0,2026-09-02T06:16:04.789772+00:00,2026-09-27T06:16:05.010263+00:00
8,Q1_historical,lambda,BTCUSDT,8.824,0,2026-09-02T06:16:04.789772+00:00,2026-09-27T06:16:05.010263+00:00
9,Q1_historical,batch_only,BTCUSDT,6.994,0,2026-09-02T06:16:04.789772+00:00,2026-09-27T06:16:05.035088+00:00
9,Q1_historical,speed_only,BTCUSDT,7.989,0,2026-09-02T06:16:04.789772+00:00,2026-09-27T06:16:05.035088+00:00
9,Q1_historical,lambda,BTCUSDT,8.407,0,2026-09-02T06:16:04.789772+00:00,2026-09-27T06:16:05.035088+00:00
10,Q1_historical,batch_only,BTCUSDT,10.106,0,2026-09-02T06:16:04.789772+00:00,2026-09-27T06:16:05.058606+00:00
10,Q1_historical,speed_only,BTCUSDT,8.873,0,2026-09-02T06:16:04.789772+00:00,2026-09-27T06:16:05.058606+00:00
10,Q1_historical,lambda,BTCUSDT,13.144,0,2026-09-02T06:16:04.789772+00:00,2026-09-27T06:16:05.058606+00:00
11,Q1_historical,batch_only,BTCUSDT,8.323,0,2026-09-02T06:16:04.789772+00:00,2026-09-27T06:16:05.090853+00:00
11,Q1_historical,speed_only,BTCUSDT,7.92,0,2026-09-02T06:16:04.789772+00:00,2026-09-27T06:16:05.090853+00:00
11,Q1_historical,lambda,BTCUSDT,11.576,0,2026-09-02T06:16:04.789772+00:00,2026-09-27T06:16:05.090853+00:00
12,Q1_historical,batch_only,BTCUSDT,7.9,0,2026-09-02T06:16:04.789772+00:00,2026-09-27T06:16:05.118807+00:00
12,Q1_historical,speed_only,BTCUSDT,7.761,0,2026-09-02T06:16:04.789772+00:00,2026-09-27T06:16:05.118807+00:00
12,Q1_historical,lambda,BTCUSDT,10.06,0,2026-09-02T06:16:04.789772+00:00,2026-09-27T06:16:05.118807+00:00
13,Q1_historical,batch_only,BTCUSDT,8.86,0,2026-09-02T06:16:04.789772+00:00,2026-09-27T06:16:05.144659+00:00
13,Q1_historical,speed_only,BTCUSDT,8.91,0,2026-09-02T06:16:04.789772+00:00,2026-09-27T06:16:05.144659+00:00
13,Q1_historical,lambda,BTCUSDT,7.987,0,2026-09-02T06:16:04.789772+00:00,2026-09-27T06:16:05.144659+00:00
14,Q1_historical,batch_only,BTCUSDT,10.845,0,2026-09-02T06:16:04.789772+00:00,2026-09-27T06:16:05.170533+00:00
14,Q1_historical,speed_only,BTCUSDT,7.501,0,2026-09-02T06:16:04.789772+00:00,2026-09-27T06:16:05.170533+00:00
14,Q1_historical,lambda,BTCUSDT,10.726,0,2026-09-02T06:16:04.789772+00:00,2026-09-27T06:16:05.170533+00:00
15,Q1_historical,batch_only,BTCUSDT,9.128,0,2026-09-02T06:16:04.789772+00:00,2026-09-27T06:16:05.199793+00:00
15,Q1_historical,speed_only,BTCUSDT,8.202,0,2026-09-02T06:16:04.789772+00:00,2026-09-27T06:16:05.199793+00:00
15,Q1_historical,lambda,BTCUSDT,13.788,0,2026-09-02T06:16:04.789772+00:00,2026-09-27T06:16:05.199793+00:00
16,Q1_historical,batch_only,BTCUSDT,7.496,0,2026-09-02T06:16:04.789772+00:00,2026-09-27T06:16:05.231079+00:00
16,Q1_historical,speed_only,BTCUSDT,9.241,0,2026-09-02T06:16:04.789772+00:00,2026-09-27T06:16:05.231079+00:00
16,Q1_historical,lambda,BTCUSDT,9.875,0,2026-09-02T06:16:04.789772+00:00,2026-09-27T06:16:05.231079+00:00
17,Q1_historical,batch_only,BTCUSDT,8.516,0,2026-09-02T06:16:04.789772+00:00,2026-09-27T06:16:05.257823+00:00
17,Q1_historical,speed_only,BTCUSDT,8.137,0,2026-09-02T06:16:04.789772+00:00,2026-09-27T06:16:05.257823+00:00
17,Q1_historical,lambda,BTCUSDT,12.651,0,2026-09-02T06:16:04.789772+00:00,2026-09-27T06:16:05.257823+00:00
18,Q1_historical,batch_only,BTCUSDT,9.016,0,2026-09-02T06:16:04.789772+00:00,2026-09-27T06:16:05.287348+00:00
18,Q1_historical,speed_only,BTCUSDT,9.206,0,2026-09-02T06:16:04.789772+00:00,2026-09-27T06:16:05.287348+00:00
18,Q1_historical,lambda,BTCUSDT,8.888,0,2026-09-02T06:16:04.789772+00:00,2026-09-27T06:16:05.287348+00:00
19,Q1_historical,batch_only,BTCUSDT,11.475,0,2026-09-02T06:16:04.789772+00:00,2026-09-27T06:16:05.314625+00:00
19,Q1_historical,speed_only,BTCUSDT,6.828,0,2026-09-02T06:16:04.789772+00:00,2026-09-27T06:16:05.314625+00:00
19,Q1_historical,lambda,BTCUSDT,8.538,0,2026-09-02T06:16:04.789772+00:00,2026-09-27T06:16:05.314625+00:00
20,Q1_historical,batch_only,BTCUSDT,5.998,0,2026-09-02T06:16:04.789772+00:00,2026-09-27T06:16:05.341635+00:00
20,Q1_historical,speed_only,BTCUSDT,6.727,0,2026-09-02T06:16:04.789772+00:00,2026-09-27T06:16:05.341635+00:00
20,Q1_historical,lambda,BTCUSDT,7.052,0,2026-09-02T06:16:04.789772+00:00,2026-09-27T06:16:05.341635+00:00
21,Q1_historical,batch_only,BTCUSDT,52.698,0,2026-09-02T06:16:04.789772+00:00,2026-09-27T06:16:05.361511+00:00
21,Q1_historical,speed_only,BTCUSDT,8.979,0,2026-09-02T06:16:04.789772+00:00,2026-09-27T06:16:05.361511+00:00
21,Q1_historical,lambda,BTCUSDT,11.872,0,2026-09-02T06:16:04.789772+00:00,2026-09-27T06:16:05.361511+00:00
22,Q1_historical,batch_only,BTCUSDT,6.019,0,2026-09-02T06:16:04.789772+00:00,2026-09-27T06:16:05.435215+00:00
22,Q1_historical,speed_only,BTCUSDT,7.758,0,2026-09-02T06:16:04.789772+00:00,2026-09-27T06:16:05.435215+00:00
22,Q1_historical,lambda,BTCUSDT,9.197,0,2026-09-02T06:16:04.789772+00:00,2026-09-27T06:16:05.435215+00:00
23,Q1_historical,batch_only,BTCUSDT,7.415,0,2026-09-02T06:16:04.789772+00:00,2026-09-27T06:16:05.458377+00:00
23,Q1_historical,speed_only,BTCUSDT,7.871,0,2026-09-02T06:16:04.789772+00:00,2026-09-27T06:16:05.458377+00:00
23,Q1_historical,lambda,BTCUSDT,6.78,0,2026-09-02T06:16:04.789772+00:00,2026-09-27T06:16:05.458377+00:00
24,Q1_historical,batch_only,BTCUSDT,7.935,0,2026-09-02T06:16:04.789772+00:00,2026-09-27T06:16:05.480562+00:00
24,Q1_historical,speed_only,BTCUSDT,6.176,0,2026-09-02T06:16:04.789772+00:00,2026-09-27T06:16:05.480562+00:00
24,Q1_historical,lambda,BTCUSDT,8.184,0,2026-09-02T06:16:04.789772+00:00,2026-09-27T06:16:05.480562+00:00
25,Q1_historical,batch_only,BTCUSDT,7.624,0,2026-09-02T06:16:04.789772+00:00,2026-09-27T06:16:05.502952+00:00
25,Q1_historical,speed_only,BTCUSDT,6.598,0,2026-09-02T06:16:04.789772+00:00,2026-09-27T06:16:05.502952+00:00
25,Q1_historical,lambda,BTCUSDT,7.475,0,2026-09-02T06:16:04.789772+00:00,2026-09-27T06:16:05.502952+00:00
26,Q1_historical,batch_only,BTCUSDT,5.616,0,2026-09-02T06:16:04.789772+00:00,2026-09-27T06:16:05.524751+00:00
26,Q1_historical,speed_only,BTCUSDT,6.981,0,2026-09-02T06:16:04.789772+00:00,2026-09-27T06:16:05.524751+00:00
26,Q1_historical,lambda,BTCUSDT,5.98,0,2026-09-02T06:16:04.789772+00:00,2026-09-27T06:16:05.524751+00:00
27,Q1_historical,batch_only,BTCUSDT,6.67,0,2026-09-02T06:16:04.789772+00:00,2026-09-27T06:16:05.543414+00:00
27,Q1_historical,speed_only,BTCUSDT,15.301,0,2026-09-02T06:16:04.789772+00:00,2026-09-27T06:16:05.543414+00:00
27,Q1_historical,lambda,BTCUSDT,13.273,0,2026-09-02T06:16:04.789772+00:00,2026-09-27T06:16:05.543414+00:00
28,Q1_historical,batch_only,BTCUSDT,6.842,0,2026-09-02T06:16:04.789772+00:00,2026-09-27T06:16:05.578870+00:00
28,Q1_historical,speed_only,BTCUSDT,7.846,0,2026-09-02T06:16:04.789772+00:00,2026-09-27T06:16:05.578870+00:00
28,Q1_historical,lambda,BTCUSDT,7.764,0,2026-09-02T06:16:04.789772+00:00,2026-09-27T06:16:05.578870+00:00
29,Q1_historical,batch_only,BTCUSDT,6.999,0,2026-09-02T06:16:04.789772+00:00,2026-09-27T06:16:05.601446+00:00
29,Q1_historical,speed_only,BTCUSDT,8.656,0,2026-09-02T06:16:04.789772+00:00,2026-09-27T06:16:05.601446+00:00
29,Q1_historical,lambda,BTCUSDT,7.182,0,2026-09-02T06:16:04.789772+00:00,2026-09-27T06:16:05.601446+00:00
30,Q1_historical,batch_only,BTCUSDT,5.975,0,2026-09-02T06:16:04.789772+00:00,2026-09-27T06:16:05.624553+00:00
30,Q1_historical,speed_only,BTCUSDT,4.831,0,2026-09-02T06:16:04.789772+00:00,2026-09-27T06:16:05.624553+00:00
30,Q1_historical,lambda,BTCUSDT,7.488,0,2026-09-02T06:16:04.789772+00:00,2026-09-27T06:16:05.624553+00:00
1,Q2_realtime,batch_only,BTCUSDT,5.124,0,2026-09-02T06:16:04.789772+00:00,2026-09-27T06:16:05.643399+00:00
1,Q2_realtime,speed_only,BTCUSDT,6.773,0,2026-09-02T06:16:04.789772+00:00,2026-09-27T06:16:05.643399+00:00
1,Q2_realtime,lambda,BTCUSDT,6.835,0,2026-09-02T06:16:04.789772+00:00,2026-09-27T06:16:05.643399+00:00
2,Q2_realtime,batch_only,BTCUSDT,5.2,0,2026-09-02T06:16:04.789772+00:00,2026-09-27T06:16:05.662226+00:00
2,Q2_realtime,speed_only,BTCUSDT,7.743,0,2026-09-02T06:16:04.789772+00:00,2026-09-27T06:16:05.662226+00:00
2,Q2_realtime,lambda,BTCUSDT,5.957,0,2026-09-02T06:16:04.789772+00:00,2026-09-27T06:16:05.662226+00:00
3,Q2_realtime,batch_only,BTCUSDT,6.311,0,2026-09-02T06:16:04.789772+00:00,2026-09-27T06:16:05.681204+00:00
3,Q2_realtime,speed_only,BTCUSDT,9.838,0,2026-09-02T06:16:04.789772+00:00,2026-09-27T06:16:05.681204+00:00
3,Q2_realtime,lambda,BTCUSDT,7.824,0,2026-09-02T06:16:04.789772+00:00,2026-09-27T06:16:05.681204+00:00
4,Q2_realtime,batch_only,BTCUSDT,7.229,0,2026-09-02T06:16:04.789772+00:00,2026-09-27T06:16:05.705299+00:00
4,Q2_realtime,speed_only,BTCUSDT,10.045,0,2026-09-02T06:16:04.789772+00:00,2026-09-27T06:16:05.705299+00:00
4,Q2_realtime,lambda,BTCUSDT,7.705,0,2026-09-02T06:16:04.789772+00:00,2026-09-27T06:16:05.705299+00:00
5,Q2_realtime,batch_only,BTCUSDT,6.154,0,2026-09-02T06:16:04.789772+00:00,2026-09-27T06:16:05.730445+00:00
5,Q2_realtime,speed_only,BTCUSDT,6.053,0,2026-09-02T06:16:04.789772+00:00,2026-09-27T06:16:05.730445+00:00
5,Q2_realtime,lambda,BTCUSDT,13.78,0,2026-09-02T06:16:04.789772+00:00,2026-09-27T06:16:05.730445+00:00
6,Q2_realtime,batch_only,BTCUSDT,9.397,0,2026-09-02T06:16:04.789772+00:00,2026-09-27T06:16:05.756620+00:00
6,Q2_realtime,speed_only,BTCUSDT,12.913,0,2026-09-02T06:16:04.789772+00:00,2026-09-27T06:16:05.756620+00:00
6,Q2_realtime,lambda,BTCUSDT,8.74,0,2026-09-02T06:16:04.789772+00:00,2026-09-27T06:16:05.756620+00:00
7,Q2_realtime,batch_only,BTCUSDT,20.196,0,2026-09-02T06:16:04.789772+00:00,2026-09-27T06:16:05.787817+00:00
7,Q2_realtime,speed_only,BTCUSDT,9.351,0,2026-09-02T06:16:04.789772+00:00,2026-09-27T06:16:05.787817+00:00
7,Q2_realtime,lambda,BTCUSDT,9.085,0,2026-09-02T06:16:04.789772+00:00,2026-09-27T06:16:05.787817+00:00
8,Q2_realtime,batch_only,BTCUSDT,7.074,0,2026-09-02T06:16:04.789772+00:00,2026-09-27T06:16:05.826568+00:00
8,Q2_realtime,speed_only,BTCUSDT,5.473,0,2026-09-02T06:16:04.789772+00:00,2026-09-27T06:16:05.826568+00:00
8,Q2_realtime,lambda,BTCUSDT,6.488,0,2026-09-02T06:16:04.789772+00:00,2026-09-27T06:16:05.826568+00:00
9,Q2_realtime,batch_only,BTCUSDT,9.67,0,2026-09-02T06:16:04.789772+00:00,2026-09-27T06:16:05.845782+00:00
9,Q2_realtime,speed_only,BTCUSDT,9.45,0,2026-09-02T06:16:04.789772+00:00,2026-09-27T06:16:05.845782+00:00
9,Q2_realtime,lambda,BTCUSDT,14.926,0,2026-09-02T06:16:04.789772+00:00,2026-09-27T06:16:05.845782+00:00
10,Q2_realtime,batch_only,BTCUSDT,9.347,0,2026-09-02T06:16:04.789772+00:00,2026-09-27T06:16:05.880027+00:00
10,Q2_realtime,speed_only,BTCUSDT,9.42,0,2026-09-02T06:16:04.789772+00:00,2026-09-27T06:16:05.880027+00:00
10,Q2_realtime,lambda,BTCUSDT,9.92,0,2026-09-02T06:16:04.789772+00:00,2026-09-27T06:16:05.880027+00:00
11,Q2_realtime,batch_only,BTCUSDT,9.086,0,2026-09-02T06:16:04.789772+00:00,2026-09-27T06:16:05.908846+00:00
11,Q2_realtime,speed_only,BTCUSDT,6.245,0,2026-09-02T06:16:04.789772+00:00,2026-09-27T06:16:05.908846+00:00
11,Q2_realtime,lambda,BTCUSDT,6.907,0,2026-09-02T06:16:04.789772+00:00,2026-09-27T06:16:05.908846+00:00
12,Q2_realtime,batch_only,BTCUSDT,6.17,0,2026-09-02T06:16:04.789772+00:00,2026-09-27T06:16:05.931178+00:00
12,Q2_realtime,speed_only,BTCUSDT,7.479,0,2026-09-02T06:16:04.789772+00:00,2026-09-27T06:16:05.931178+00:00
12,Q2_realtime,lambda,BTCUSDT,14.478,0,2026-09-02T06:16:04.789772+00:00,2026-09-27T06:16:05.931178+00:00
13,Q2_realtime,batch_only,BTCUSDT,24.323,0,2026-09-02T06:16:04.789772+00:00,2026-09-27T06:16:05.959459+00:00
13,Q2_realtime,speed_only,BTCUSDT,11.476,0,2026-09-02T06:16:04.789772+00:00,2026-09-27T06:16:05.959459+00:00
13,Q2_realtime,lambda,BTCUSDT,12.879,0,2026-09-02T06:16:04.789772+00:00,2026-09-27T06:16:05.959459+00:00
14,Q2_realtime,batch_only,BTCUSDT,18.386,0,2026-09-02T06:16:04.789772+00:00,2026-09-27T06:16:06.008309+00:00
14,Q2_realtime,speed_only,BTCUSDT,12.57,0,2026-09-02T06:16:04.789772+00:00,2026-09-27T06:16:06.008309+00:00
14,Q2_realtime,lambda,BTCUSDT,10.255,0,2026-09-02T06:16:04.789772+00:00,2026-09-27T06:16:06.008309+00:00
15,Q2_realtime,batch_only,BTCUSDT,10.065,0,2026-09-02T06:16:04.789772+00:00,2026-09-27T06:16:06.049755+00:00
15,Q2_realtime,speed_only,BTCUSDT,11.359,0,2026-09-02T06:16:04.789772+00:00,2026-09-27T06:16:06.049755+00:00
15,Q2_realtime,lambda,BTCUSDT,12.475,0,2026-09-02T06:16:04.789772+00:00,2026-09-27T06:16:06.049755+00:00
16,Q2_realtime,batch_only,BTCUSDT,8.782,0,2026-09-02T06:16:04.789772+00:00,2026-09-27T06:16:06.083829+00:00
16,Q2_realtime,speed_only,BTCUSDT,9.718,0,2026-09-02T06:16:04.789772+00:00,2026-09-27T06:16:06.083829+00:00
16,Q2_realtime,lambda,BTCUSDT,8.661,0,2026-09-02T06:16:04.789772+00:00,2026-09-27T06:16:06.083829+00:00
17,Q2_realtime,batch_only,BTCUSDT,9.93,0,2026-09-02T06:16:04.789772+00:00,2026-09-27T06:16:06.111117+00:00
17,Q2_realtime,speed_only,BTCUSDT,13.577,0,2026-09-02T06:16:04.789772+00:00,2026-09-27T06:16:06.111117+00:00
17,Q2_realtime,lambda,BTCUSDT,9.5,0,2026-09-02T06:16:04.789772+00:00,2026-09-27T06:16:06.111117+00:00
18,Q2_realtime,batch_only,BTCUSDT,10.581,0,2026-09-02T06:16:04.789772+00:00,2026-09-27T06:16:06.144287+00:00
18,Q2_realtime,speed_only,BTCUSDT,7.612,0,2026-09-02T06:16:04.789772+00:00,2026-09-27T06:16:06.144287+00:00
18,Q2_realtime,lambda,BTCUSDT,10.023,0,2026-09-02T06:16:04.789772+00:00,2026-09-27T06:16:06.144287+00:00
19,Q2_realtime,batch_only,BTCUSDT,8.759,0,2026-09-02T06:16:04.789772+00:00,2026-09-27T06:16:06.172636+00:00
19,Q2_realtime,speed_only,BTCUSDT,8.707,0,2026-09-02T06:16:04.789772+00:00,2026-09-27T06:16:06.172636+00:00
19,Q2_realtime,lambda,BTCUSDT,11.728,0,2026-09-02T06:16:04.789772+00:00,2026-09-27T06:16:06.172636+00:00
20,Q2_realtime,batch_only,BTCUSDT,8.522,0,2026-09-02T06:16:04.789772+00:00,2026-09-27T06:16:06.201941+00:00
20,Q2_realtime,speed_only,BTCUSDT,8.398,0,2026-09-02T06:16:04.789772+00:00,2026-09-27T06:16:06.201941+00:00
20,Q2_realtime,lambda,BTCUSDT,9.556,0,2026-09-02T06:16:04.789772+00:00,2026-09-27T06:16:06.201941+00:00
21,Q2_realtime,batch_only,BTCUSDT,12.016,0,2026-09-02T06:16:04.789772+00:00,2026-09-27T06:16:06.228540+00:00
21,Q2_realtime,speed_only,BTCUSDT,10.406,0,2026-09-02T06:16:04.789772+00:00,2026-09-27T06:16:06.228540+00:00
21,Q2_realtime,lambda,BTCUSDT,12.551,0,2026-09-02T06:16:04.789772+00:00,2026-09-27T06:16:06.228540+00:00
22,Q2_realtime,batch_only,BTCUSDT,8.548,0,2026-09-02T06:16:04.789772+00:00,2026-09-27T06:16:06.263669+00:00
22,Q2_realtime,speed_only,BTCUSDT,7.762,0,2026-09-02T06:16:04.789772+00:00,2026-09-27T06:16:06.263669+00:00
22,Q2_realtime,lambda,BTCUSDT,10.075,0,2026-09-02T06:16:04.789772+00:00,2026-09-27T06:16:06.263669+00:00
23,Q2_realtime,batch_only,BTCUSDT,9.146,0,2026-09-02T06:16:04.789772+00:00,2026-09-27T06:16:06.290260+00:00
23,Q2_realtime,speed_only,BTCUSDT,7.755,0,2026-09-02T06:16:04.789772+00:00,2026-09-27T06:16:06.290260+00:00
23,Q2_realtime,lambda,BTCUSDT,8.673,0,2026-09-02T06:16:04.789772+00:00,2026-09-27T06:16:06.290260+00:00
24,Q2_realtime,batch_only,BTCUSDT,6.687,0,2026-09-02T06:16:04.789772+00:00,2026-09-27T06:16:06.315948+00:00
24,Q2_realtime,speed_only,BTCUSDT,9.279,0,2026-09-02T06:16:04.789772+00:00,2026-09-27T06:16:06.315948+00:00
24,Q2_realtime,lambda,BTCUSDT,9.124,0,2026-09-02T06:16:04.789772+00:00,2026-09-27T06:16:06.315948+00:00
25,Q2_realtime,batch_only,BTCUSDT,9.246,0,2026-09-02T06:16:04.789772+00:00,2026-09-27T06:16:06.341302+00:00
25,Q2_realtime,speed_only,BTCUSDT,9.616,0,2026-09-02T06:16:04.789772+00:00,2026-09-27T06:16:06.341302+00:00
25,Q2_realtime,lambda,BTCUSDT,14.498,0,2026-09-02T06:16:04.789772+00:00,2026-09-27T06:16:06.341302+00:00
26,Q2_realtime,batch_only,BTCUSDT,8.037,0,2026-09-02T06:16:04.789772+00:00,2026-09-27T06:16:06.374790+00:00
26,Q2_realtime,speed_only,BTCUSDT,8.523,0,2026-09-02T06:16:04.789772+00:00,2026-09-27T06:16:06.374790+00:00
26,Q2_realtime,lambda,BTCUSDT,8.45,0,2026-09-02T06:16:04.789772+00:00,2026-09-27T06:16:06.374790+00:00
27,Q2_realtime,batch_only,BTCUSDT,12.222,0,2026-09-02T06:16:04.789772+00:00,2026-09-27T06:16:06.399914+00:00
27,Q2_realtime,speed_only,BTCUSDT,8.189,0,2026-09-02T06:16:04.789772+00:00,2026-09-27T06:16:06.399914+00:00
27,Q2_realtime,lambda,BTCUSDT,9.484,0,2026-09-02T06:16:04.789772+00:00,2026-09-27T06:16:06.399914+00:00
28,Q2_realtime,batch_only,BTCUSDT,8.794,0,2026-09-02T06:16:04.789772+00:00,2026-09-27T06:16:06.429909+00:00
28,Q2_realtime,speed_only,BTCUSDT,9.294,0,2026-09-02T06:16:04.789772+00:00,2026-09-27T06:16:06.429909+00:00
28,Q2_realtime,lambda,BTCUSDT,8.844,0,2026-09-02T06:16:04.789772+00:00,2026-09-27T06:16:06.429909+00:00
29,Q2_realtime,batch_only,BTCUSDT,8.019,0,2026-09-02T06:16:04.789772+00:00,2026-09-27T06:16:06.457022+00:00
29,Q2_realtime,speed_only,BTCUSDT,9.986,0,2026-09-02T06:16:04.789772+00:00,2026-09-27T06:16:06.457022+00:00
29,Q2_realtime,lambda,BTCUSDT,10.626,0,2026-09-02T06:16:04.789772+00:00,2026-09-27T06:16:06.457022+00:00
30,Q2_realtime,batch_only,BTCUSDT,6.15,0,2026-09-02T06:16:04.789772+00:00,2026-09-27T06:16:06.485811+00:00
30,Q2_realtime,speed_only,BTCUSDT,7.11,0,2026-09-02T06:16:04.789772+00:00,2026-09-27T06:16:06.485811+00:00
30,Q2_realtime,lambda,BTCUSDT,12.471,0,2026-09-02T06:16:04.789772+00:00,2026-09-27T06:16:06.485811+00:00
1,Q3_hybrid,batch_only,BTCUSDT,8.502,0,2026-09-02T06:16:04.789772+00:00,2026-09-27T06:16:06.512824+00:00
1,Q3_hybrid,speed_only,BTCUSDT,10.061,0,2026-09-02T06:16:04.789772+00:00,2026-09-27T06:16:06.512824+00:00
1,Q3_hybrid,lambda,BTCUSDT,11.981,0,2026-09-02T06:16:04.789772+00:00,2026-09-27T06:16:06.512824+00:00
2,Q3_hybrid,batch_only,BTCUSDT,10.666,0,2026-09-02T06:16:04.789772+00:00,2026-09-27T06:16:06.543565+00:00
2,Q3_hybrid,speed_only,BTCUSDT,11.645,0,2026-09-02T06:16:04.789772+00:00,2026-09-27T06:16:06.543565+00:00
2,Q3_hybrid,lambda,BTCUSDT,9.971,0,2026-09-02T06:16:04.789772+00:00,2026-09-27T06:16:06.543565+00:00
3,Q3_hybrid,batch_only,BTCUSDT,7.157,0,2026-09-02T06:16:04.789772+00:00,2026-09-27T06:16:06.576122+00:00
3,Q3_hybrid,speed_only,BTCUSDT,7.561,0,2026-09-02T06:16:04.789772+00:00,2026-09-27T06:16:06.576122+00:00
3,Q3_hybrid,lambda,BTCUSDT,8.29,0,2026-09-02T06:16:04.789772+00:00,2026-09-27T06:16:06.576122+00:00
4,Q3_hybrid,batch_only,BTCUSDT,7.661,0,2026-09-02T06:16:04.789772+00:00,2026-09-27T06:16:06.599274+00:00
4,Q3_hybrid,speed_only,BTCUSDT,9.276,0,2026-09-02T06:16:04.789772+00:00,2026-09-27T06:16:06.599274+00:00
4,Q3_hybrid,lambda,BTCUSDT,11.251,0,2026-09-02T06:16:04.789772+00:00,2026-09-27T06:16:06.599274+00:00
5,Q3_hybrid,batch_only,BTCUSDT,7.637,0,2026-09-02T06:16:04.789772+00:00,2026-09-27T06:16:06.627604+00:00
5,Q3_hybrid,speed_only,BTCUSDT,7.586,0,2026-09-02T06:16:04.789772+00:00,2026-09-27T06:16:06.627604+00:00
5,Q3_hybrid,lambda,BTCUSDT,12.545,0,2026-09-02T06:16:04.789772+00:00,2026-09-27T06:16:06.627604+00:00
6,Q3_hybrid,batch_only,BTCUSDT,6.463,0,2026-09-02T06:16:04.789772+00:00,2026-09-27T06:16:06.655455+00:00
6,Q3_hybrid,speed_only,BTCUSDT,6.803,0,2026-09-02T06:16:04.789772+00:00,2026-09-27T06:16:06.655455+00:00
6,Q3_hybrid,lambda,BTCUSDT,7.546,0,2026-09-02T06:16:04.789772+00:00,2026-09-27T06:16:06.655455+00:00
7,Q3_hybrid,batch_only,BTCUSDT,6.877,0,2026-09-02T06:16:04.789772+00:00,2026-09-27T06:16:06.676349+00:00
7,Q3_hybrid,speed_only,BTCUSDT,7.783,0,2026-09-02T06:16:04.789772+00:00,2026-09-27T06:16:06.676349+00:00
7,Q3_hybrid,lambda,BTCUSDT,10.769,0,2026-09-02T06:16:04.789772+00:00,2026-09-27T06:16:06.676349+00:00
8,Q3_hybrid,batch_only,BTCUSDT,6.455,0,2026-09-02T06:16:04.789772+00:00,2026-09-27T06:16:06.701857+00:00
8,Q3_hybrid,speed_only,BTCUSDT,7.402,0,2026-09-02T06:16:04.789772+00:00,2026-09-27T06:16:06.701857+00:00
8,Q3_hybrid,lambda,BTCUSDT,9.471,0,2026-09-02T06:16:04.789772+00:00,2026-09-27T06:16:06.701857+00:00
9,Q3_hybrid,batch_only,BTCUSDT,9.716,0,2026-09-02T06:16:04.789772+00:00,2026-09-27T06:16:06.725288+00:00
9,Q3_hybrid,speed_only,BTCUSDT,10.246,0,2026-09-02T06:16:04.789772+00:00,2026-09-27T06:16:06.725288+00:00
9,Q3_hybrid,lambda,BTCUSDT,8.435,0,2026-09-02T06:16:04.789772+00:00,2026-09-27T06:16:06.725288+00:00
10,Q3_hybrid,batch_only,BTCUSDT,11.052,0,2026-09-02T06:16:04.789772+00:00,2026-09-27T06:16:06.753849+00:00
10,Q3_hybrid,speed_only,BTCUSDT,9.502,0,2026-09-02T06:16:04.789772+00:00,2026-09-27T06:16:06.753849+00:00
10,Q3_hybrid,lambda,BTCUSDT,14.441,0,2026-09-02T06:16:04.789772+00:00,2026-09-27T06:16:06.753849+00:00
11,Q3_hybrid,batch_only,BTCUSDT,12.185,0,2026-09-02T06:16:04.789772+00:00,2026-09-27T06:16:06.789056+00:00
11,Q3_hybrid,speed_only,BTCUSDT,13.849,0,2026-09-02T06:16:04.789772+00:00,2026-09-27T06:16:06.789056+00:00
11,Q3_hybrid,lambda,BTCUSDT,12.246,0,2026-09-02T06:16:04.789772+00:00,2026-09-27T06:16:06.789056+00:00
12,Q3_hybrid,batch_only,BTCUSDT,9.843,0,2026-09-02T06:16:04.789772+00:00,2026-09-27T06:16:06.827600+00:00
12,Q3_hybrid,speed_only,BTCUSDT,11.343,0,2026-09-02T06:16:04.789772+00:00,2026-09-27T06:16:06.827600+00:00
12,Q3_hybrid,lambda,BTCUSDT,13.923,0,2026-09-02T06:16:04.789772+00:00,2026-09-27T06:16:06.827600+00:00
13,Q3_hybrid,batch_only,BTCUSDT,13.265,0,2026-09-02T06:16:04.789772+00:00,2026-09-27T06:16:06.862892+00:00
13,Q3_hybrid,speed_only,BTCUSDT,9.092,0,2026-09-02T06:16:04.789772+00:00,2026-09-27T06:16:06.862892+00:00
13,Q3_hybrid,lambda,BTCUSDT,9.426,0,2026-09-02T06:16:04.789772+00:00,2026-09-27T06:16:06.862892+00:00
14,Q3_hybrid,batch_only,BTCUSDT,13.788,0,2026-09-02T06:16:04.789772+00:00,2026-09-27T06:16:06.894875+00:00
14,Q3_hybrid,speed_only,BTCUSDT,12.436,0,2026-09-02T06:16:04.789772+00:00,2026-09-27T06:16:06.894875+00:00
14,Q3_hybrid,lambda,BTCUSDT,15.446,0,2026-09-02T06:16:04.789772+00:00,2026-09-27T06:16:06.894875+00:00
15,Q3_hybrid,batch_only,BTCUSDT,9.894,0,2026-09-02T06:16:04.789772+00:00,2026-09-27T06:16:06.936917+00:00
15,Q3_hybrid,speed_only,BTCUSDT,10.755,0,2026-09-02T06:16:04.789772+00:00,2026-09-27T06:16:06.936917+00:00
15,Q3_hybrid,lambda,BTCUSDT,10.994,0,2026-09-02T06:16:04.789772+00:00,2026-09-27T06:16:06.936917+00:00
16,Q3_hybrid,batch_only,BTCUSDT,12.215,0,2026-09-02T06:16:04.789772+00:00,2026-09-27T06:16:06.968758+00:00
16,Q3_hybrid,speed_only,BTCUSDT,12.472,0,2026-09-02T06:16:04.789772+00:00,2026-09-27T06:16:06.968758+00:00
16,Q3_hybrid,lambda,BTCUSDT,10.642,0,2026-09-02T06:16:04.789772+00:00,2026-09-27T06:16:06.968758+00:00
17,Q3_hybrid,batch_only,BTCUSDT,11.871,0,2026-09-02T06:16:04.789772+00:00,2026-09-27T06:16:07.004240+00:00
17,Q3_hybrid,speed_only,BTCUSDT,9.766,0,2026-09-02T06:16:04.789772+00:00,2026-09-27T06:16:07.004240+00:00
17,Q3_hybrid,lambda,BTCUSDT,13.593,0,2026-09-02T06:16:04.789772+00:00,2026-09-27T06:16:07.004240+00:00
18,Q3_hybrid,batch_only,BTCUSDT,10.162,0,2026-09-02T06:16:04.789772+00:00,2026-09-27T06:16:07.039742+00:00
18,Q3_hybrid,speed_only,BTCUSDT,10.066,0,2026-09-02T06:16:04.789772+00:00,2026-09-27T06:16:07.039742+00:00
18,Q3_hybrid,lambda,BTCUSDT,12.245,0,2026-09-02T06:16:04.789772+00:00,2026-09-27T06:16:07.039742+00:00
19,Q3_hybrid,batch_only,BTCUSDT,13.736,0,2026-09-02T06:16:04.789772+00:00,2026-09-27T06:16:07.072413+00:00
19,Q3_hybrid,speed_only,BTCUSDT,10.133,0,2026-09-02T06:16:04.789772+00:00,2026-09-27T06:16:07.072413+00:00
19,Q3_hybrid,lambda,BTCUSDT,10.286,0,2026-09-02T06:16:04.789772+00:00,2026-09-27T06:16:07.072413+00:00
20,Q3_hybrid,batch_only,BTCUSDT,13.016,0,2026-09-02T06:16:04.789772+00:00,2026-09-27T06:16:07.106708+00:00
20,Q3_hybrid,speed_only,BTCUSDT,12.35,0,2026-09-02T06:16:04.789772+00:00,2026-09-27T06:16:07.106708+00:00
20,Q3_hybrid,lambda,BTCUSDT,7.434,0,2026-09-02T06:16:04.789772+00:00,2026-09-27T06:16:07.106708+00:00
21,Q3_hybrid,batch_only,BTCUSDT,7.247,0,2026-09-02T06:16:04.789772+00:00,2026-09-27T06:16:07.139907+00:00
21,Q3_hybrid,speed_only,BTCUSDT,5.794,0,2026-09-02T06:16:04.789772+00:00,2026-09-27T06:16:07.139907+00:00
21,Q3_hybrid,lambda,BTCUSDT,8.214,0,2026-09-02T06:16:04.789772+00:00,2026-09-27T06:16:07.139907+00:00
22,Q3_hybrid,batch_only,BTCUSDT,7.82,0,2026-09-02T06:16:04.789772+00:00,2026-09-27T06:16:07.161261+00:00
22,Q3_hybrid,speed_only,BTCUSDT,6.968,0,2026-09-02T06:16:04.789772+00:00,2026-09-27T06:16:07.161261+00:00
22,Q3_hybrid,lambda,BTCUSDT,8.261,0,2026-09-02T06:16:04.789772+00:00,2026-09-27T06:16:07.161261+00:00
23,Q3_hybrid,batch_only,BTCUSDT,7.584,0,2026-09-02T06:16:04.789772+00:00,2026-09-27T06:16:07.184403+00:00
23,Q3_hybrid,speed_only,BTCUSDT,6.657,0,2026-09-02T06:16:04.789772+00:00,2026-09-27T06:16:07.184403+00:00
23,Q3_hybrid,lambda,BTCUSDT,8.751,0,2026-09-02T06:16:04.789772+00:00,2026-09-27T06:16:07.184403+00:00
24,Q3_hybrid,batch_only,BTCUSDT,5.438,0,2026-09-02T06:16:04.789772+00:00,2026-09-27T06:16:07.207555+00:00
24,Q3_hybrid,speed_only,BTCUSDT,8.093,0,2026-09-02T06:16:04.789772+00:00,2026-09-27T06:16:07.207555+00:00
24,Q3_hybrid,lambda,BTCUSDT,8.332,0,2026-09-02T06:16:04.789772+00:00,2026-09-27T06:16:07.207555+00:00
25,Q3_hybrid,batch_only,BTCUSDT,8.02,0,2026-09-02T06:16:04.789772+00:00,2026-09-27T06:16:07.229676+00:00
25,Q3_hybrid,speed_only,BTCUSDT,7.231,0,2026-09-02T06:16:04.789772+00:00,2026-09-27T06:16:07.229676+00:00
25,Q3_hybrid,lambda,BTCUSDT,9.179,0,2026-09-02T06:16:04.789772+00:00,2026-09-27T06:16:07.229676+00:00
26,Q3_hybrid,batch_only,BTCUSDT,8.365,0,2026-09-02T06:16:04.789772+00:00,2026-09-27T06:16:07.254241+00:00
26,Q3_hybrid,speed_only,BTCUSDT,8.575,0,2026-09-02T06:16:04.789772+00:00,2026-09-27T06:16:07.254241+00:00
26,Q3_hybrid,lambda,BTCUSDT,7.346,0,2026-09-02T06:16:04.789772+00:00,2026-09-27T06:16:07.254241+00:00
27,Q3_hybrid,batch_only,BTCUSDT,11.593,0,2026-09-02T06:16:04.789772+00:00,2026-09-27T06:16:07.278736+00:00
27,Q3_hybrid,speed_only,BTCUSDT,9.24,0,2026-09-02T06:16:04.789772+00:00,2026-09-27T06:16:07.278736+00:00
27,Q3_hybrid,lambda,BTCUSDT,8.353,0,2026-09-02T06:16:04.789772+00:00,2026-09-27T06:16:07.278736+00:00
28,Q3_hybrid,batch_only,BTCUSDT,10.096,0,2026-09-02T06:16:04.789772+00:00,2026-09-27T06:16:07.308140+00:00
28,Q3_hybrid,speed_only,BTCUSDT,10.421,0,2026-09-02T06:16:04.789772+00:00,2026-09-27T06:16:07.308140+00:00
28,Q3_hybrid,lambda,BTCUSDT,7.742,0,2026-09-02T06:16:04.789772+00:00,2026-09-27T06:16:07.308140+00:00
29,Q3_hybrid,batch_only,BTCUSDT,9.695,0,2026-09-02T06:16:04.789772+00:00,2026-09-27T06:16:07.336510+00:00
29,Q3_hybrid,speed_only,BTCUSDT,6.918,0,2026-09-02T06:16:04.789772+00:00,2026-09-27T06:16:07.336510+00:00
29,Q3_hybrid,lambda,BTCUSDT,9.326,0,2026-09-02T06:16:04.789772+00:00,2026-09-27T06:16:07.336510+00:00
30,Q3_hybrid,batch_only,BTCUSDT,8.478,0,2026-09-02T06:16:04.789772+00:00,2026-09-27T06:16:07.362582+00:00
30,Q3_hybrid,speed_only,BTCUSDT,9.862,0,2026-09-02T06:16:04.789772+00:00,2026-09-27T06:16:07.362582+00:00
30,Q3_hybrid,lambda,BTCUSDT,11.088,0,2026-09-02T06:16:04.789772+00:00,2026-09-27T06:16:07.362582+00:00
1,Q1_historical,batch_only,ETHUSDT,8.314,0,2026-09-02T06:16:04.789772+00:00,2026-09-27T06:16:07.392438+00:00
1,Q1_historical,speed_only,ETHUSDT,9.59,0,2026-09-02T06:16:04.789772+00:00,2026-09-27T06:16:07.392438+00:00
1,Q1_historical,lambda,ETHUSDT,9.947,0,2026-09-02T06:16:04.789772+00:00,2026-09-27T06:16:07.392438+00:00
2,Q1_historical,batch_only,ETHUSDT,7.655,0,2026-09-02T06:16:04.789772+00:00,2026-09-27T06:16:07.420473+00:00
2,Q1_historical,speed_only,ETHUSDT,9.172,0,2026-09-02T06:16:04.789772+00:00,2026-09-27T06:16:07.420473+00:00
2,Q1_historical,lambda,ETHUSDT,11.267,0,2026-09-02T06:16:04.789772+00:00,2026-09-27T06:16:07.420473+00:00
3,Q1_historical,batch_only,ETHUSDT,9.757,0,2026-09-02T06:16:04.789772+00:00,2026-09-27T06:16:07.448882+00:00
3,Q1_historical,speed_only,ETHUSDT,11.278,0,2026-09-02T06:16:04.789772+00:00,2026-09-27T06:16:07.448882+00:00
3,Q1_historical,lambda,ETHUSDT,11.179,0,2026-09-02T06:16:04.789772+00:00,2026-09-27T06:16:07.448882+00:00
4,Q1_historical,batch_only,ETHUSDT,11.738,0,2026-09-02T06:16:04.789772+00:00,2026-09-27T06:16:07.481272+00:00
4,Q1_historical,speed_only,ETHUSDT,8.911,0,2026-09-02T06:16:04.789772+00:00,2026-09-27T06:16:07.481272+00:00
4,Q1_historical,lambda,ETHUSDT,9.597,0,2026-09-02T06:16:04.789772+00:00,2026-09-27T06:16:07.481272+00:00
5,Q1_historical,batch_only,ETHUSDT,8.304,0,2026-09-02T06:16:04.789772+00:00,2026-09-27T06:16:07.511712+00:00
5,Q1_historical,speed_only,ETHUSDT,9.492,0,2026-09-02T06:16:04.789772+00:00,2026-09-27T06:16:07.511712+00:00
5,Q1_historical,lambda,ETHUSDT,9.273,0,2026-09-02T06:16:04.789772+00:00,2026-09-27T06:16:07.511712+00:00
6,Q1_historical,batch_only,ETHUSDT,12.011,0,2026-09-02T06:16:04.789772+00:00,2026-09-27T06:16:07.538947+00:00
6,Q1_historical,speed_only,ETHUSDT,8.42,0,2026-09-02T06:16:04.789772+00:00,2026-09-27T06:16:07.538947+00:00
6,Q1_historical,lambda,ETHUSDT,8.396,0,2026-09-02T06:16:04.789772+00:00,2026-09-27T06:16:07.538947+00:00
7,Q1_historical,batch_only,ETHUSDT,8.631,0,2026-09-02T06:16:04.789772+00:00,2026-09-27T06:16:07.567934+00:00
7,Q1_historical,speed_only,ETHUSDT,8.234,0,2026-09-02T06:16:04.789772+00:00,2026-09-27T06:16:07.567934+00:00
7,Q1_historical,lambda,ETHUSDT,8.583,0,2026-09-02T06:16:04.789772+00:00,2026-09-27T06:16:07.567934+00:00
8,Q1_historical,batch_only,ETHUSDT,10.649,0,2026-09-02T06:16:04.789772+00:00,2026-09-27T06:16:07.593530+00:00
8,Q1_historical,speed_only,ETHUSDT,7.95,0,2026-09-02T06:16:04.789772+00:00,2026-09-27T06:16:07.593530+00:00
8,Q1_historical,lambda,ETHUSDT,13.049,0,2026-09-02T06:16:04.789772+00:00,2026-09-27T06:16:07.593530+00:00
9,Q1_historical,batch_only,ETHUSDT,9.151,0,2026-09-02T06:16:04.789772+00:00,2026-09-27T06:16:07.625315+00:00
9,Q1_historical,speed_only,ETHUSDT,7.55,0,2026-09-02T06:16:04.789772+00:00,2026-09-27T06:16:07.625315+00:00
9,Q1_historical,lambda,ETHUSDT,7.693,0,2026-09-02T06:16:04.789772+00:00,2026-09-27T06:16:07.625315+00:00
10,Q1_historical,batch_only,ETHUSDT,6.417,0,2026-09-02T06:16:04.789772+00:00,2026-09-27T06:16:07.649796+00:00
10,Q1_historical,speed_only,ETHUSDT,5.636,0,2026-09-02T06:16:04.789772+00:00,2026-09-27T06:16:07.649796+00:00
10,Q1_historical,lambda,ETHUSDT,6.015,0,2026-09-02T06:16:04.789772+00:00,2026-09-27T06:16:07.649796+00:00
11,Q1_historical,batch_only,ETHUSDT,6.271,0,2026-09-02T06:16:04.789772+00:00,2026-09-27T06:16:07.667939+00:00
11,Q1_historical,speed_only,ETHUSDT,7.114,0,2026-09-02T06:16:04.789772+00:00,2026-09-27T06:16:07.667939+00:00
11,Q1_historical,lambda,ETHUSDT,8.445,0,2026-09-02T06:16:04.789772+00:00,2026-09-27T06:16:07.667939+00:00
12,Q1_historical,batch_only,ETHUSDT,8.828,0,2026-09-02T06:16:04.789772+00:00,2026-09-27T06:16:07.689892+00:00
12,Q1_historical,speed_only,ETHUSDT,7.785,0,2026-09-02T06:16:04.789772+00:00,2026-09-27T06:16:07.689892+00:00
12,Q1_historical,lambda,ETHUSDT,9.003,0,2026-09-02T06:16:04.789772+00:00,2026-09-27T06:16:07.689892+00:00
13,Q1_historical,batch_only,ETHUSDT,8.772,0,2026-09-02T06:16:04.789772+00:00,2026-09-27T06:16:07.715653+00:00
13,Q1_historical,speed_only,ETHUSDT,7.916,0,2026-09-02T06:16:04.789772+00:00,2026-09-27T06:16:07.715653+00:00
13,Q1_historical,lambda,ETHUSDT,7.913,0,2026-09-02T06:16:04.789772+00:00,2026-09-27T06:16:07.715653+00:00
14,Q1_historical,batch_only,ETHUSDT,9.304,0,2026-09-02T06:16:04.789772+00:00,2026-09-27T06:16:07.740374+00:00
14,Q1_historical,speed_only,ETHUSDT,7.008,0,2026-09-02T06:16:04.789772+00:00,2026-09-27T06:16:07.740374+00:00
14,Q1_historical,lambda,ETHUSDT,9.696,0,2026-09-02T06:16:04.789772+00:00,2026-09-27T06:16:07.740374+00:00
15,Q1_historical,batch_only,ETHUSDT,6.35,0,2026-09-02T06:16:04.789772+00:00,2026-09-27T06:16:07.766499+00:00
15,Q1_historical,speed_only,ETHUSDT,9.329,0,2026-09-02T06:16:04.789772+00:00,2026-09-27T06:16:07.766499+00:00
15,Q1_historical,lambda,ETHUSDT,10.451,0,2026-09-02T06:16:04.789772+00:00,2026-09-27T06:16:07.766499+00:00
16,Q1_historical,batch_only,ETHUSDT,7.95,0,2026-09-02T06:16:04.789772+00:00,2026-09-27T06:16:07.792763+00:00
16,Q1_historical,speed_only,ETHUSDT,7.588,0,2026-09-02T06:16:04.789772+00:00,2026-09-27T06:16:07.792763+00:00
16,Q1_historical,lambda,ETHUSDT,8.135,0,2026-09-02T06:16:04.789772+00:00,2026-09-27T06:16:07.792763+00:00
17,Q1_historical,batch_only,ETHUSDT,10.159,0,2026-09-02T06:16:04.789772+00:00,2026-09-27T06:16:07.816542+00:00
17,Q1_historical,speed_only,ETHUSDT,7.46,0,2026-09-02T06:16:04.789772+00:00,2026-09-27T06:16:07.816542+00:00
17,Q1_historical,lambda,ETHUSDT,9.346,0,2026-09-02T06:16:04.789772+00:00,2026-09-27T06:16:07.816542+00:00
18,Q1_historical,batch_only,ETHUSDT,11.575,0,2026-09-02T06:16:04.789772+00:00,2026-09-27T06:16:07.843634+00:00
18,Q1_historical,speed_only,ETHUSDT,10.034,0,2026-09-02T06:16:04.789772+00:00,2026-09-27T06:16:07.843634+00:00
18,Q1_historical,lambda,ETHUSDT,11.623,0,2026-09-02T06:16:04.789772+00:00,2026-09-27T06:16:07.843634+00:00
19,Q1_historical,batch_only,ETHUSDT,7.362,0,2026-09-02T06:16:04.789772+00:00,2026-09-27T06:16:07.877119+00:00
19,Q1_historical,speed_only,ETHUSDT,7.476,0,2026-09-02T06:16:04.789772+00:00,2026-09-27T06:16:07.877119+00:00
19,Q1_historical,lambda,ETHUSDT,7.507,0,2026-09-02T06:16:04.789772+00:00,2026-09-27T06:16:07.877119+00:00
20,Q1_historical,batch_only,ETHUSDT,10.605,0,2026-09-02T06:16:04.789772+00:00,2026-09-27T06:16:07.899647+00:00
20,Q1_historical,speed_only,ETHUSDT,10.092,0,2026-09-02T06:16:04.789772+00:00,2026-09-27T06:16:07.899647+00:00
20,Q1_historical,lambda,ETHUSDT,7.151,0,2026-09-02T06:16:04.789772+00:00,2026-09-27T06:16:07.899647+00:00
21,Q1_historical,batch_only,ETHUSDT,7.825,0,2026-09-02T06:16:04.789772+00:00,2026-09-27T06:16:07.927596+00:00
21,Q1_historical,speed_only,ETHUSDT,8.171,0,2026-09-02T06:16:04.789772+00:00,2026-09-27T06:16:07.927596+00:00
21,Q1_historical,lambda,ETHUSDT,9.31,0,2026-09-02T06:16:04.789772+00:00,2026-09-27T06:16:07.927596+00:00
22,Q1_historical,batch_only,ETHUSDT,6.762,0,2026-09-02T06:16:04.789772+00:00,2026-09-27T06:16:07.953018+00:00
22,Q1_historical,speed_only,ETHUSDT,6.673,0,2026-09-02T06:16:04.789772+00:00,2026-09-27T06:16:07.953018+00:00
22,Q1_historical,lambda,ETHUSDT,5.501,0,2026-09-02T06:16:04.789772+00:00,2026-09-27T06:16:07.953018+00:00
23,Q1_historical,batch_only,ETHUSDT,8.575,0,2026-09-02T06:16:04.789772+00:00,2026-09-27T06:16:07.972120+00:00
23,Q1_historical,speed_only,ETHUSDT,8.526,0,2026-09-02T06:16:04.789772+00:00,2026-09-27T06:16:07.972120+00:00
23,Q1_historical,lambda,ETHUSDT,7.794,0,2026-09-02T06:16:04.789772+00:00,2026-09-27T06:16:07.972120+00:00
24,Q1_historical,batch_only,ETHUSDT,9.491,0,2026-09-02T06:16:04.789772+00:00,2026-09-27T06:16:07.997169+00:00
24,Q1_historical,speed_only,ETHUSDT,7.947,0,2026-09-02T06:16:04.789772+00:00,2026-09-27T06:16:07.997169+00:00
24,Q1_historical,lambda,ETHUSDT,8.563,0,2026-09-02T06:16:04.789772+00:00,2026-09-27T06:16:07.997169+00:00
25,Q1_historical,batch_only,ETHUSDT,6.199,0,2026-09-02T06:16:04.789772+00:00,2026-09-27T06:16:08.023403+00:00
25,Q1_historical,speed_only,ETHUSDT,7.888,0,2026-09-02T06:16:04.789772+00:00,2026-09-27T06:16:08.023403+00:00
25,Q1_historical,lambda,ETHUSDT,7.426,0,2026-09-02T06:16:04.789772+00:00,2026-09-27T06:16:08.023403+00:00
26,Q1_historical,batch_only,ETHUSDT,9.623,0,2026-09-02T06:16:04.789772+00:00,2026-09-27T06:16:08.045006+00:00
26,Q1_historical,speed_only,ETHUSDT,8.081,0,2026-09-02T06:16:04.789772+00:00,2026-09-27T06:16:08.045006+00:00
26,Q1_historical,lambda,ETHUSDT,9.019,0,2026-09-02T06:16:04.789772+00:00,2026-09-27T06:16:08.045006+00:00
27,Q1_historical,batch_only,ETHUSDT,7.937,0,2026-09-02T06:16:04.789772+00:00,2026-09-27T06:16:08.071906+00:00
27,Q1_historical,speed_only,ETHUSDT,8.997,0,2026-09-02T06:16:04.789772+00:00,2026-09-27T06:16:08.071906+00:00
27,Q1_historical,lambda,ETHUSDT,10.859,0,2026-09-02T06:16:04.789772+00:00,2026-09-27T06:16:08.071906+00:00
28,Q1_historical,batch_only,ETHUSDT,7.396,0,2026-09-02T06:16:04.789772+00:00,2026-09-27T06:16:08.099832+00:00
28,Q1_historical,speed_only,ETHUSDT,8.287,0,2026-09-02T06:16:04.789772+00:00,2026-09-27T06:16:08.099832+00:00
28,Q1_historical,lambda,ETHUSDT,10.487,0,2026-09-02T06:16:04.789772+00:00,2026-09-27T06:16:08.099832+00:00
29,Q1_historical,batch_only,ETHUSDT,8.509,0,2026-09-02T06:16:04.789772+00:00,2026-09-27T06:16:08.126151+00:00
29,Q1_historical,speed_only,ETHUSDT,7.243,0,2026-09-02T06:16:04.789772+00:00,2026-09-27T06:16:08.126151+00:00
29,Q1_historical,lambda,ETHUSDT,8.941,0,2026-09-02T06:16:04.789772+00:00,2026-09-27T06:16:08.126151+00:00
30,Q1_historical,batch_only,ETHUSDT,9.487,0,2026-09-02T06:16:04.789772+00:00,2026-09-27T06:16:08.151025+00:00
30,Q1_historical,speed_only,ETHUSDT,8.697,0,2026-09-02T06:16:04.789772+00:00,2026-09-27T06:16:08.151025+00:00
30,Q1_historical,lambda,ETHUSDT,13.065,0,2026-09-02T06:16:04.789772+00:00,2026-09-27T06:16:08.151025+00:00
1,Q2_realtime,batch_only,ETHUSDT,8.018,0,2026-09-02T06:16:04.789772+00:00,2026-09-27T06:16:08.182758+00:00
1,Q2_realtime,speed_only,ETHUSDT,12.535,0,2026-09-02T06:16:04.789772+00:00,2026-09-27T06:16:08.182758+00:00
1,Q2_realtime,lambda,ETHUSDT,8.554,0,2026-09-02T06:16:04.789772+00:00,2026-09-27T06:16:08.182758+00:00
2,Q2_realtime,batch_only,ETHUSDT,11.247,0,2026-09-02T06:16:04.789772+00:00,2026-09-27T06:16:08.212026+00:00
2,Q2_realtime,speed_only,ETHUSDT,9.227,0,2026-09-02T06:16:04.789772+00:00,2026-09-27T06:16:08.212026+00:00
2,Q2_realtime,lambda,ETHUSDT,11.22,0,2026-09-02T06:16:04.789772+00:00,2026-09-27T06:16:08.212026+00:00
3,Q2_realtime,batch_only,ETHUSDT,7.781,0,2026-09-02T06:16:04.789772+00:00,2026-09-27T06:16:08.243862+00:00
3,Q2_realtime,speed_only,ETHUSDT,5.983,0,2026-09-02T06:16:04.789772+00:00,2026-09-27T06:16:08.243862+00:00
3,Q2_realtime,lambda,ETHUSDT,6.799,0,2026-09-02T06:16:04.789772+00:00,2026-09-27T06:16:08.243862+00:00
4,Q2_realtime,batch_only,ETHUSDT,6.725,0,2026-09-02T06:16:04.789772+00:00,2026-09-27T06:16:08.264540+00:00
4,Q2_realtime,speed_only,ETHUSDT,6.403,0,2026-09-02T06:16:04.789772+00:00,2026-09-27T06:16:08.264540+00:00
4,Q2_realtime,lambda,ETHUSDT,8.369,0,2026-09-02T06:16:04.789772+00:00,2026-09-27T06:16:08.264540+00:00
5,Q2_realtime,batch_only,ETHUSDT,8.247,0,2026-09-02T06:16:04.789772+00:00,2026-09-27T06:16:08.286128+00:00
5,Q2_realtime,speed_only,ETHUSDT,8.886,0,2026-09-02T06:16:04.789772+00:00,2026-09-27T06:16:08.286128+00:00
5,Q2_realtime,lambda,ETHUSDT,11.031,0,2026-09-02T06:16:04.789772+00:00,2026-09-27T06:16:08.286128+00:00
6,Q2_realtime,batch_only,ETHUSDT,8.103,0,2026-09-02T06:16:04.789772+00:00,2026-09-27T06:16:08.314431+00:00
6,Q2_realtime,speed_only,ETHUSDT,7.049,0,2026-09-02T06:16:04.789772+00:00,2026-09-27T06:16:08.314431+00:00
6,Q2_realtime,lambda,ETHUSDT,12.902,0,2026-09-02T06:16:04.789772+00:00,2026-09-27T06:16:08.314431+00:00
7,Q2_realtime,batch_only,ETHUSDT,8.143,0,2026-09-02T06:16:04.789772+00:00,2026-09-27T06:16:08.342592+00:00
7,Q2_realtime,speed_only,ETHUSDT,11.901,0,2026-09-02T06:16:04.789772+00:00,2026-09-27T06:16:08.342592+00:00
7,Q2_realtime,lambda,ETHUSDT,6.933,0,2026-09-02T06:16:04.789772+00:00,2026-09-27T06:16:08.342592+00:00
8,Q2_realtime,batch_only,ETHUSDT,6.721,0,2026-09-02T06:16:04.789772+00:00,2026-09-27T06:16:08.369665+00:00
8,Q2_realtime,speed_only,ETHUSDT,10.941,0,2026-09-02T06:16:04.789772+00:00,2026-09-27T06:16:08.369665+00:00
8,Q2_realtime,lambda,ETHUSDT,9.075,0,2026-09-02T06:16:04.789772+00:00,2026-09-27T06:16:08.369665+00:00
9,Q2_realtime,batch_only,ETHUSDT,6.869,0,2026-09-02T06:16:04.789772+00:00,2026-09-27T06:16:08.396574+00:00
9,Q2_realtime,speed_only,ETHUSDT,10.114,0,2026-09-02T06:16:04.789772+00:00,2026-09-27T06:16:08.396574+00:00
9,Q2_realtime,lambda,ETHUSDT,10.374,0,2026-09-02T06:16:04.789772+00:00,2026-09-27T06:16:08.396574+00:00
10,Q2_realtime,batch_only,ETHUSDT,7.62,0,2026-09-02T06:16:04.789772+00:00,2026-09-27T06:16:08.424038+00:00
10,Q2_realtime,speed_only,ETHUSDT,8.61,0,2026-09-02T06:16:04.789772+00:00,2026-09-27T06:16:08.424038+00:00
10,Q2_realtime,lambda,ETHUSDT,7.288,0,2026-09-02T06:16:04.789772+00:00,2026-09-27T06:16:08.424038+00:00
11,Q2_realtime,batch_only,ETHUSDT,9.717,0,2026-09-02T06:16:04.789772+00:00,2026-09-27T06:16:08.447683+00:00
11,Q2_realtime,speed_only,ETHUSDT,5.873,0,2026-09-02T06:16:04.789772+00:00,2026-09-27T06:16:08.447683+00:00
11,Q2_realtime,lambda,ETHUSDT,8.855,0,2026-09-02T06:16:04.789772+00:00,2026-09-27T06:16:08.447683+00:00
12,Q2_realtime,batch_only,ETHUSDT,7.813,0,2026-09-02T06:16:04.789772+00:00,2026-09-27T06:16:08.472296+00:00
12,Q2_realtime,speed_only,ETHUSDT,6.955,0,2026-09-02T06:16:04.789772+00:00,2026-09-27T06:16:08.472296+00:00
12,Q2_realtime,lambda,ETHUSDT,13.24,0,2026-09-02T06:16:04.789772+00:00,2026-09-27T06:16:08.472296+00:00
13,Q2_realtime,batch_only,ETHUSDT,10.55,0,2026-09-02T06:16:04.789772+00:00,2026-09-27T06:16:08.500462+00:00
13,Q2_realtime,speed_only,ETHUSDT,9.233,0,2026-09-02T06:16:04.789772+00:00,2026-09-27T06:16:08.500462+00:00
13,Q2_realtime,lambda,ETHUSDT,11.264,0,2026-09-02T06:16:04.789772+00:00,2026-09-27T06:16:08.500462+00:00
14,Q2_realtime,batch_only,ETHUSDT,9.488,0,2026-09-02T06:16:04.789772+00:00,2026-09-27T06:16:08.531776+00:00
14,Q2_realtime,speed_only,ETHUSDT,9.838,0,2026-09-02T06:16:04.789772+00:00,2026-09-27T06:16:08.531776+00:00
14,Q2_realtime,lambda,ETHUSDT,8.735,0,2026-09-02T06:16:04.789772+00:00,2026-09-27T06:16:08.531776+00:00
15,Q2_realtime,batch_only,ETHUSDT,9.871,0,2026-09-02T06:16:04.789772+00:00,2026-09-27T06:16:08.559984+00:00
15,Q2_realtime,speed_only,ETHUSDT,8.718,0,2026-09-02T06:16:04.789772+00:00,2026-09-27T06:16:08.559984+00:00
15,Q2_realtime,lambda,ETHUSDT,7.998,0,2026-09-02T06:16:04.789772+00:00,2026-09-27T06:16:08.559984+00:00
16,Q2_realtime,batch_only,ETHUSDT,11.771,0,2026-09-02T06:16:04.789772+00:00,2026-09-27T06:16:08.586706+00:00
16,Q2_realtime,speed_only,ETHUSDT,7.791,0,2026-09-02T06:16:04.789772+00:00,2026-09-27T06:16:08.586706+00:00
16,Q2_realtime,lambda,ETHUSDT,8.401,0,2026-09-02T06:16:04.789772+00:00,2026-09-27T06:16:08.586706+00:00
17,Q2_realtime,batch_only,ETHUSDT,8.213,0,2026-09-02T06:16:04.789772+00:00,2026-09-27T06:16:08.614761+00:00
17,Q2_realtime,speed_only,ETHUSDT,10.543,0,2026-09-02T06:16:04.789772+00:00,2026-09-27T06:16:08.614761+00:00
17,Q2_realtime,lambda,ETHUSDT,11.933,0,2026-09-02T06:16:04.789772+00:00,2026-09-27T06:16:08.614761+00:00
18,Q2_realtime,batch_only,ETHUSDT,8.576,0,2026-09-02T06:16:04.789772+00:00,2026-09-27T06:16:08.645628+00:00
18,Q2_realtime,speed_only,ETHUSDT,8.941,0,2026-09-02T06:16:04.789772+00:00,2026-09-27T06:16:08.645628+00:00
18,Q2_realtime,lambda,ETHUSDT,9.535,0,2026-09-02T06:16:04.789772+00:00,2026-09-27T06:16:08.645628+00:00
19,Q2_realtime,batch_only,ETHUSDT,9.313,0,2026-09-02T06:16:04.789772+00:00,2026-09-27T06:16:08.672803+00:00
19,Q2_realtime,speed_only,ETHUSDT,9.195,0,2026-09-02T06:16:04.789772+00:00,2026-09-27T06:16:08.672803+00:00
19,Q2_realtime,lambda,ETHUSDT,8.248,0,2026-09-02T06:16:04.789772+00:00,2026-09-27T06:16:08.672803+00:00
20,Q2_realtime,batch_only,ETHUSDT,7.977,0,2026-09-02T06:16:04.789772+00:00,2026-09-27T06:16:08.699686+00:00
20,Q2_realtime,speed_only,ETHUSDT,10.249,0,2026-09-02T06:16:04.789772+00:00,2026-09-27T06:16:08.699686+00:00
20,Q2_realtime,lambda,ETHUSDT,8.296,0,2026-09-02T06:16:04.789772+00:00,2026-09-27T06:16:08.699686+00:00
21,Q2_realtime,batch_only,ETHUSDT,8.382,0,2026-09-02T06:16:04.789772+00:00,2026-09-27T06:16:08.726326+00:00
21,Q2_realtime,speed_only,ETHUSDT,17.549,0,2026-09-02T06:16:04.789772+00:00,2026-09-27T06:16:08.726326+00:00
21,Q2_realtime,lambda,ETHUSDT,10.272,0,2026-09-02T06:16:04.789772+00:00,2026-09-27T06:16:08.726326+00:00
22,Q2_realtime,batch_only,ETHUSDT,14.028,0,2026-09-02T06:16:04.789772+00:00,2026-09-27T06:16:08.762873+00:00
22,Q2_realtime,speed_only,ETHUSDT,11.653,0,2026-09-02T06:16:04.789772+00:00,2026-09-27T06:16:08.762873+00:00
22,Q2_realtime,lambda,ETHUSDT,14.806,0,2026-09-02T06:16:04.789772+00:00,2026-09-27T06:16:08.762873+00:00
23,Q2_realtime,batch_only,ETHUSDT,18.092,0,2026-09-02T06:16:04.789772+00:00,2026-09-27T06:16:08.803589+00:00
23,Q2_realtime,speed_only,ETHUSDT,18.017,0,2026-09-02T06:16:04.789772+00:00,2026-09-27T06:16:08.803589+00:00
23,Q2_realtime,lambda,ETHUSDT,12.66,0,2026-09-02T06:16:04.789772+00:00,2026-09-27T06:16:08.803589+00:00
24,Q2_realtime,batch_only,ETHUSDT,14.214,0,2026-09-02T06:16:04.789772+00:00,2026-09-27T06:16:08.852556+00:00
24,Q2_realtime,speed_only,ETHUSDT,15.268,0,2026-09-02T06:16:04.789772+00:00,2026-09-27T06:16:08.852556+00:00
24,Q2_realtime,lambda,ETHUSDT,20.315,0,2026-09-02T06:16:04.789772+00:00,2026-09-27T06:16:08.852556+00:00
25,Q2_realtime,batch_only,ETHUSDT,8.393,0,2026-09-02T06:16:04.789772+00:00,2026-09-27T06:16:08.902642+00:00
25,Q2_realtime,speed_only,ETHUSDT,13.348,0,2026-09-02T06:16:04.789772+00:00,2026-09-27T06:16:08.902642+00:00
25,Q2_realtime,lambda,ETHUSDT,8.881,0,2026-09-02T06:16:04.789772+00:00,2026-09-27T06:16:08.902642+00:00
26,Q2_realtime,batch_only,ETHUSDT,10.844,0,2026-09-02T06:16:04.789772+00:00,2026-09-27T06:16:08.933395+00:00
26,Q2_realtime,speed_only,ETHUSDT,9.441,0,2026-09-02T06:16:04.789772+00:00,2026-09-27T06:16:08.933395+00:00
26,Q2_realtime,lambda,ETHUSDT,11.179,0,2026-09-02T06:16:04.789772+00:00,2026-09-27T06:16:08.933395+00:00
27,Q2_realtime,batch_only,ETHUSDT,10.344,0,2026-09-02T06:16:04.789772+00:00,2026-09-27T06:16:08.965062+00:00
27,Q2_realtime,speed_only,ETHUSDT,9.502,0,2026-09-02T06:16:04.789772+00:00,2026-09-27T06:16:08.965062+00:00
27,Q2_realtime,lambda,ETHUSDT,10.043,0,2026-09-02T06:16:04.789772+00:00,2026-09-27T06:16:08.965062+00:00
28,Q2_realtime,batch_only,ETHUSDT,9.031,0,2026-09-02T06:16:04.789772+00:00,2026-09-27T06:16:08.995087+00:00
28,Q2_realtime,speed_only,ETHUSDT,8.89,0,2026-09-02T06:16:04.789772+00:00,2026-09-27T06:16:08.995087+00:00
28,Q2_realtime,lambda,ETHUSDT,10.178,0,2026-09-02T06:16:04.789772+00:00,2026-09-27T06:16:08.995087+00:00
29,Q2_realtime,batch_only,ETHUSDT,8.065,0,2026-09-02T06:16:04.789772+00:00,2026-09-27T06:16:09.023355+00:00
29,Q2_realtime,speed_only,ETHUSDT,8.07,0,2026-09-02T06:16:04.789772+00:00,2026-09-27T06:16:09.023355+00:00
29,Q2_realtime,lambda,ETHUSDT,13.772,0,2026-09-02T06:16:04.789772+00:00,2026-09-27T06:16:09.023355+00:00
30,Q2_realtime,batch_only,ETHUSDT,9.174,0,2026-09-02T06:16:04.789772+00:00,2026-09-27T06:16:09.053412+00:00
30,Q2_realtime,speed_only,ETHUSDT,9.391,0,2026-09-02T06:16:04.789772+00:00,2026-09-27T06:16:09.053412+00:00
30,Q2_realtime,lambda,ETHUSDT,16.968,0,2026-09-02T06:16:04.789772+00:00,2026-09-27T06:16:09.053412+00:00
1,Q3_hybrid,batch_only,ETHUSDT,9.109,0,2026-09-02T06:16:04.789772+00:00,2026-09-27T06:16:09.089921+00:00
1,Q3_hybrid,speed_only,ETHUSDT,9.528,0,2026-09-02T06:16:04.789772+00:00,2026-09-27T06:16:09.089921+00:00
1,Q3_hybrid,lambda,ETHUSDT,11.372,0,2026-09-02T06:16:04.789772+00:00,2026-09-27T06:16:09.089921+00:00
2,Q3_hybrid,batch_only,ETHUSDT,11.597,0,2026-09-02T06:16:04.789772+00:00,2026-09-27T06:16:09.120112+00:00
2,Q3_hybrid,speed_only,ETHUSDT,10.602,0,2026-09-02T06:16:04.789772+00:00,2026-09-27T06:16:09.120112+00:00
2,Q3_hybrid,lambda,ETHUSDT,12.406,0,2026-09-02T06:16:04.789772+00:00,2026-09-27T06:16:09.120112+00:00
3,Q3_hybrid,batch_only,ETHUSDT,9.037,0,2026-09-02T06:16:04.789772+00:00,2026-09-27T06:16:09.154841+00:00
3,Q3_hybrid,speed_only,ETHUSDT,8.035,0,2026-09-02T06:16:04.789772+00:00,2026-09-27T06:16:09.154841+00:00
3,Q3_hybrid,lambda,ETHUSDT,8.81,0,2026-09-02T06:16:04.789772+00:00,2026-09-27T06:16:09.154841+00:00
4,Q3_hybrid,batch_only,ETHUSDT,10.033,0,2026-09-02T06:16:04.789772+00:00,2026-09-27T06:16:09.180926+00:00
4,Q3_hybrid,speed_only,ETHUSDT,7.393,0,2026-09-02T06:16:04.789772+00:00,2026-09-27T06:16:09.180926+00:00
4,Q3_hybrid,lambda,ETHUSDT,11.489,0,2026-09-02T06:16:04.789772+00:00,2026-09-27T06:16:09.180926+00:00
5,Q3_hybrid,batch_only,ETHUSDT,7.667,0,2026-09-02T06:16:04.789772+00:00,2026-09-27T06:16:09.209931+00:00
5,Q3_hybrid,speed_only,ETHUSDT,8.635,0,2026-09-02T06:16:04.789772+00:00,2026-09-27T06:16:09.209931+00:00
5,Q3_hybrid,lambda,ETHUSDT,9.963,0,2026-09-02T06:16:04.789772+00:00,2026-09-27T06:16:09.209931+00:00
6,Q3_hybrid,batch_only,ETHUSDT,8.655,0,2026-09-02T06:16:04.789772+00:00,2026-09-27T06:16:09.236293+00:00
6,Q3_hybrid,speed_only,ETHUSDT,9.995,0,2026-09-02T06:16:04.789772+00:00,2026-09-27T06:16:09.236293+00:00
6,Q3_hybrid,lambda,ETHUSDT,10.01,0,2026-09-02T06:16:04.789772+00:00,2026-09-27T06:16:09.236293+00:00
7,Q3_hybrid,batch_only,ETHUSDT,9.536,0,2026-09-02T06:16:04.789772+00:00,2026-09-27T06:16:09.265149+00:00
7,Q3_hybrid,speed_only,ETHUSDT,9.546,0,2026-09-02T06:16:04.789772+00:00,2026-09-27T06:16:09.265149+00:00
7,Q3_hybrid,lambda,ETHUSDT,14.467,0,2026-09-02T06:16:04.789772+00:00,2026-09-27T06:16:09.265149+00:00
8,Q3_hybrid,batch_only,ETHUSDT,12.921,0,2026-09-02T06:16:04.789772+00:00,2026-09-27T06:16:09.298877+00:00
8,Q3_hybrid,speed_only,ETHUSDT,6.816,0,2026-09-02T06:16:04.789772+00:00,2026-09-27T06:16:09.298877+00:00
8,Q3_hybrid,lambda,ETHUSDT,11.38,0,2026-09-02T06:16:04.789772+00:00,2026-09-27T06:16:09.298877+00:00
9,Q3_hybrid,batch_only,ETHUSDT,8.156,0,2026-09-02T06:16:04.789772+00:00,2026-09-27T06:16:09.330212+00:00
9,Q3_hybrid,speed_only,ETHUSDT,11.308,0,2026-09-02T06:16:04.789772+00:00,2026-09-27T06:16:09.330212+00:00
9,Q3_hybrid,lambda,ETHUSDT,13.166,0,2026-09-02T06:16:04.789772+00:00,2026-09-27T06:16:09.330212+00:00
10,Q3_hybrid,batch_only,ETHUSDT,8.557,0,2026-09-02T06:16:04.789772+00:00,2026-09-27T06:16:09.363102+00:00
10,Q3_hybrid,speed_only,ETHUSDT,10.089,0,2026-09-02T06:16:04.789772+00:00,2026-09-27T06:16:09.363102+00:00
10,Q3_hybrid,lambda,ETHUSDT,16.675,0,2026-09-02T06:16:04.789772+00:00,2026-09-27T06:16:09.363102+00:00
11,Q3_hybrid,batch_only,ETHUSDT,12.242,0,2026-09-02T06:16:04.789772+00:00,2026-09-27T06:16:09.398552+00:00
11,Q3_hybrid,speed_only,ETHUSDT,10.076,0,2026-09-02T06:16:04.789772+00:00,2026-09-27T06:16:09.398552+00:00
11,Q3_hybrid,lambda,ETHUSDT,16.069,0,2026-09-02T06:16:04.789772+00:00,2026-09-27T06:16:09.398552+00:00
12,Q3_hybrid,batch_only,ETHUSDT,12.152,0,2026-09-02T06:16:04.789772+00:00,2026-09-27T06:16:09.437080+00:00
12,Q3_hybrid,speed_only,ETHUSDT,8.995,0,2026-09-02T06:16:04.789772+00:00,2026-09-27T06:16:09.437080+00:00
12,Q3_hybrid,lambda,ETHUSDT,10.179,0,2026-09-02T06:16:04.789772+00:00,2026-09-27T06:16:09.437080+00:00
13,Q3_hybrid,batch_only,ETHUSDT,10.947,0,2026-09-02T06:16:04.789772+00:00,2026-09-27T06:16:09.468568+00:00
13,Q3_hybrid,speed_only,ETHUSDT,11.56,0,2026-09-02T06:16:04.789772+00:00,2026-09-27T06:16:09.468568+00:00
13,Q3_hybrid,lambda,ETHUSDT,11.231,0,2026-09-02T06:16:04.789772+00:00,2026-09-27T06:16:09.468568+00:00
14,Q3_hybrid,batch_only,ETHUSDT,7.73,0,2026-09-02T06:16:04.789772+00:00,2026-09-27T06:16:09.502450+00:00
14,Q3_hybrid,speed_only,ETHUSDT,9.015,0,2026-09-02T06:16:04.789772+00:00,2026-09-27T06:16:09.502450+00:00
14,Q3_hybrid,lambda,ETHUSDT,12.44,0,2026-09-02T06:16:04.789772+00:00,2026-09-27T06:16:09.502450+00:00
15,Q3_hybrid,batch_only,ETHUSDT,11.362,0,2026-09-02T06:16:04.789772+00:00,2026-09-27T06:16:09.531751+00:00
15,Q3_hybrid,speed_only,ETHUSDT,7.466,0,2026-09-02T06:16:04.789772+00:00,2026-09-27T06:16:09.531751+00:00
15,Q3_hybrid,lambda,ETHUSDT,10.556,0,2026-09-02T06:16:04.789772+00:00,2026-09-27T06:16:09.531751+00:00
16,Q3_hybrid,batch_only,ETHUSDT,8.296,0,2026-09-02T06:16:04.789772+00:00,2026-09-27T06:16:09.561330+00:00
16,Q3_hybrid,speed_only,ETHUSDT,7.718,0,2026-09-02T06:16:04.789772+00:00,2026-09-27T06:16:09.561330+00:00
16,Q3_hybrid,lambda,ETHUSDT,13.332,0,2026-09-02T06:16:04.789772+00:00,2026-09-27T06:16:09.561330+00:00
17,Q3_hybrid,batch_only,ETHUSDT,8.517,0,2026-09-02T06:16:04.789772+00:00,2026-09-27T06:16:09.590874+00:00
17,Q3_hybrid,speed_only,ETHUSDT,12.179,0,2026-09-02T06:16:04.789772+00:00,2026-09-27T06:16:09.590874+00:00
17,Q3_hybrid,lambda,ETHUSDT,14.713,0,2026-09-02T06:16:04.789772+00:00,2026-09-27T06:16:09.590874+00:00
18,Q3_hybrid,batch_only,ETHUSDT,8.644,0,2026-09-02T06:16:04.789772+00:00,2026-09-27T06:16:09.626403+00:00
18,Q3_hybrid,speed_only,ETHUSDT,10.862,0,2026-09-02T06:16:04.789772+00:00,2026-09-27T06:16:09.626403+00:00
18,Q3_hybrid,lambda,ETHUSDT,10.966,0,2026-09-02T06:16:04.789772+00:00,2026-09-27T06:16:09.626403+00:00
19,Q3_hybrid,batch_only,ETHUSDT,9.287,0,2026-09-02T06:16:04.789772+00:00,2026-09-27T06:16:09.657004+00:00
19,Q3_hybrid,speed_only,ETHUSDT,8.943,0,2026-09-02T06:16:04.789772+00:00,2026-09-27T06:16:09.657004+00:00
19,Q3_hybrid,lambda,ETHUSDT,8.544,0,2026-09-02T06:16:04.789772+00:00,2026-09-27T06:16:09.657004+00:00
20,Q3_hybrid,batch_only,ETHUSDT,11.318,0,2026-09-02T06:16:04.789772+00:00,2026-09-27T06:16:09.683951+00:00
20,Q3_hybrid,speed_only,ETHUSDT,7.446,0,2026-09-02T06:16:04.789772+00:00,2026-09-27T06:16:09.683951+00:00
20,Q3_hybrid,lambda,ETHUSDT,9.949,0,2026-09-02T06:16:04.789772+00:00,2026-09-27T06:16:09.683951+00:00
21,Q3_hybrid,batch_only,ETHUSDT,8.409,0,2026-09-02T06:16:04.789772+00:00,2026-09-27T06:16:09.712805+00:00
21,Q3_hybrid,speed_only,ETHUSDT,10.026,0,2026-09-02T06:16:04.789772+00:00,2026-09-27T06:16:09.712805+00:00
21,Q3_hybrid,lambda,ETHUSDT,7.921,0,2026-09-02T06:16:04.789772+00:00,2026-09-27T06:16:09.712805+00:00
22,Q3_hybrid,batch_only,ETHUSDT,12.25,0,2026-09-02T06:16:04.789772+00:00,2026-09-27T06:16:09.739315+00:00
22,Q3_hybrid,speed_only,ETHUSDT,8.204,0,2026-09-02T06:16:04.789772+00:00,2026-09-27T06:16:09.739315+00:00
22,Q3_hybrid,lambda,ETHUSDT,10.095,0,2026-09-02T06:16:04.789772+00:00,2026-09-27T06:16:09.739315+00:00
23,Q3_hybrid,batch_only,ETHUSDT,11.227,0,2026-09-02T06:16:04.789772+00:00,2026-09-27T06:16:09.770014+00:00
23,Q3_hybrid,speed_only,ETHUSDT,13.017,0,2026-09-02T06:16:04.789772+00:00,2026-09-27T06:16:09.770014+00:00
23,Q3_hybrid,lambda,ETHUSDT,13.765,0,2026-09-02T06:16:04.789772+00:00,2026-09-27T06:16:09.770014+00:00
24,Q3_hybrid,batch_only,ETHUSDT,8.341,0,2026-09-02T06:16:04.789772+00:00,2026-09-27T06:16:09.808174+00:00
24,Q3_hybrid,speed_only,ETHUSDT,16.666,0,2026-09-02T06:16:04.789772+00:00,2026-09-27T06:16:09.808174+00:00
24,Q3_hybrid,lambda,ETHUSDT,11.796,0,2026-09-02T06:16:04.789772+00:00,2026-09-27T06:16:09.808174+00:00
25,Q3_hybrid,batch_only,ETHUSDT,10.678,0,2026-09-02T06:16:04.789772+00:00,2026-09-27T06:16:09.845173+00:00
25,Q3_hybrid,speed_only,ETHUSDT,8.361,0,2026-09-02T06:16:04.789772+00:00,2026-09-27T06:16:09.845173+00:00
25,Q3_hybrid,lambda,ETHUSDT,10.031,0,2026-09-02T06:16:04.789772+00:00,2026-09-27T06:16:09.845173+00:00
26,Q3_hybrid,batch_only,ETHUSDT,8.911,0,2026-09-02T06:16:04.789772+00:00,2026-09-27T06:16:09.874381+00:00
26,Q3_hybrid,speed_only,ETHUSDT,9.119,0,2026-09-02T06:16:04.789772+00:00,2026-09-27T06:16:09.874381+00:00
26,Q3_hybrid,lambda,ETHUSDT,17.163,0,2026-09-02T06:16:04.789772+00:00,2026-09-27T06:16:09.874381+00:00
27,Q3_hybrid,batch_only,ETHUSDT,8.727,0,2026-09-02T06:16:04.789772+00:00,2026-09-27T06:16:09.909708+00:00
27,Q3_hybrid,speed_only,ETHUSDT,8.688,0,2026-09-02T06:16:04.789772+00:00,2026-09-27T06:16:09.909708+00:00
27,Q3_hybrid,lambda,ETHUSDT,11.193,0,2026-09-02T06:16:04.789772+00:00,2026-09-27T06:16:09.909708+00:00
28,Q3_hybrid,batch_only,ETHUSDT,8.743,0,2026-09-02T06:16:04.789772+00:00,2026-09-27T06:16:09.938511+00:00
28,Q3_hybrid,speed_only,ETHUSDT,9.805,0,2026-09-02T06:16:04.789772+00:00,2026-09-27T06:16:09.938511+00:00
28,Q3_hybrid,lambda,ETHUSDT,10.871,0,2026-09-02T06:16:04.789772+00:00,2026-09-27T06:16:09.938511+00:00
29,Q3_hybrid,batch_only,ETHUSDT,11.191,0,2026-09-02T06:16:04.789772+00:00,2026-09-27T06:16:09.968057+00:00
29,Q3_hybrid,speed_only,ETHUSDT,13.254,0,2026-09-02T06:16:04.789772+00:00,2026-09-27T06:16:09.968057+00:00
29,Q3_hybrid,lambda,ETHUSDT,7.598,0,2026-09-02T06:16:04.789772+00:00,2026-09-27T06:16:09.968057+00:00
30,Q3_hybrid,batch_only,ETHUSDT,8.348,0,2026-09-02T06:16:04.789772+00:00,2026-09-27T06:16:10.000259+00:00
30,Q3_hybrid,speed_only,ETHUSDT,7.984,0,2026-09-02T06:16:04.789772+00:00,2026-09-27T06:16:10.000259+00:00
30,Q3_hybrid,lambda,ETHUSDT,11.183,0,2026-09-02T06:16:04.789772+00:00,2026-09-27T06:16:10.000259+00:00
1,Q1_historical,batch_only,BTCUSDT,75.571,4320,2026-09-01T08:08:00+00:00,2026-09-29T07:39:53.376952+00:00
1,Q1_historical,speed_only,BTCUSDT,12.85,0,2026-09-01T08:08:00+00:00,2026-09-29T07:39:53.376952+00:00
1,Q1_historical,lambda,BTCUSDT,96.696,4320,2026-09-01T08:08:00+00:00,2026-09-29T07:39:53.376952+00:00
2,Q1_historical,batch_only,BTCUSDT,107.967,4320,2026-09-01T08:08:00+00:00,2026-09-29T07:39:53.562648+00:00
2,Q1_historical,speed_only,BTCUSDT,64.659,0,2026-09-01T08:08:00+00:00,2026-09-29T07:39:53.562648+00:00
2,Q1_historical,lambda,BTCUSDT,109.229,4320,2026-09-01T08:08:00+00:00,2026-09-29T07:39:53.562648+00:00
3,Q1_historical,batch_only,BTCUSDT,75.741,4320,2026-09-01T08:08:00+00:00,2026-09-29T07:39:53.847131+00:00
3,Q1_historical,speed_only,BTCUSDT,52.906,0,2026-09-01T08:08:00+00:00,2026-09-29T07:39:53.847131+00:00
3,Q1_historical,lambda,BTCUSDT,100.711,4320,2026-09-01T08:08:00+00:00,2026-09-29T07:39:53.847131+00:00
4,Q1_historical,batch_only,BTCUSDT,102.692,4320,2026-09-01T08:08:00+00:00,2026-09-29T07:39:54.080599+00:00
4,Q1_historical,speed_only,BTCUSDT,54.187,0,2026-09-01T08:08:00+00:00,2026-09-29T07:39:54.080599+00:00
4,Q1_historical,lambda,BTCUSDT,94.773,4320,2026-09-01T08:08:00+00:00,2026-09-29T07:39:54.080599+00:00
5,Q1_historical,batch_only,BTCUSDT,87.163,4320,2026-09-01T08:08:00+00:00,2026-09-29T07:39:54.335915+00:00
5,Q1_historical,speed_only,BTCUSDT,52.354,0,2026-09-01T08:08:00+00:00,2026-09-29T07:39:54.335915+00:00
5,Q1_historical,lambda,BTCUSDT,92.747,4320,2026-09-01T08:08:00+00:00,2026-09-29T07:39:54.335915+00:00
1,Q2_realtime,batch_only,BTCUSDT,73.255,10,2026-09-01T08:08:00+00:00,2026-09-29T07:39:54.572663+00:00
1,Q2_realtime,speed_only,BTCUSDT,59.497,0,2026-09-01T08:08:00+00:00,2026-09-29T07:39:54.572663+00:00
1,Q2_realtime,lambda,BTCUSDT,50.868,0,2026-09-01T08:08:00+00:00,2026-09-29T07:39:54.572663+00:00
2,Q2_realtime,batch_only,BTCUSDT,59.203,10,2026-09-01T08:08:00+00:00,2026-09-29T07:39:54.761473+00:00
2,Q2_realtime,speed_only,BTCUSDT,55.446,0,2026-09-01T08:08:00+00:00,2026-09-29T07:39:54.761473+00:00
2,Q2_realtime,lambda,BTCUSDT,62.025,0,2026-09-01T08:08:00+00:00,2026-09-29T07:39:54.761473+00:00
3,Q2_realtime,batch_only,BTCUSDT,54.914,10,2026-09-01T08:08:00+00:00,2026-09-29T07:39:54.937867+00:00
3,Q2_realtime,speed_only,BTCUSDT,54.745,0,2026-09-01T08:08:00+00:00,2026-09-29T07:39:54.937867+00:00
3,Q2_realtime,lambda,BTCUSDT,51.5,0,2026-09-01T08:08:00+00:00,2026-09-29T07:39:54.937867+00:00
4,Q2_realtime,batch_only,BTCUSDT,52.518,10,2026-09-01T08:08:00+00:00,2026-09-29T07:39:55.098842+00:00
4,Q2_realtime,speed_only,BTCUSDT,55.169,0,2026-09-01T08:08:00+00:00,2026-09-29T07:39:55.098842+00:00
4,Q2_realtime,lambda,BTCUSDT,60.554,0,2026-09-01T08:08:00+00:00,2026-09-29T07:39:55.098842+00:00
5,Q2_realtime,batch_only,BTCUSDT,62.164,10,2026-09-01T08:08:00+00:00,2026-09-29T07:39:55.267228+00:00
5,Q2_realtime,speed_only,BTCUSDT,56.986,0,2026-09-01T08:08:00+00:00,2026-09-29T07:39:55.267228+00:00
5,Q2_realtime,lambda,BTCUSDT,49.887,0,2026-09-01T08:08:00+00:00,2026-09-29T07:39:55.267228+00:00
1,Q3_hybrid,batch_only,BTCUSDT,58.455,60,2026-09-01T08:08:00+00:00,2026-09-29T07:39:55.437584+00:00
1,Q3_hybrid,speed_only,BTCUSDT,51.34,0,2026-09-01T08:08:00+00:00,2026-09-29T07:39:55.437584+00:00
1,Q3_hybrid,lambda,BTCUSDT,49.469,0,2026-09-01T08:08:00+00:00,2026-09-29T07:39:55.437584+00:00
2,Q3_hybrid,batch_only,BTCUSDT,52.177,60,2026-09-01T08:08:00+00:00,2026-09-29T07:39:55.596444+00:00
2,Q3_hybrid,speed_only,BTCUSDT,57.886,0,2026-09-01T08:08:00+00:00,2026-09-29T07:39:55.596444+00:00
2,Q3_hybrid,lambda,BTCUSDT,58.912,0,2026-09-01T08:08:00+00:00,2026-09-29T07:39:55.596444+00:00
3,Q3_hybrid,batch_only,BTCUSDT,54.62,60,2026-09-01T08:08:00+00:00,2026-09-29T07:39:55.765732+00:00
3,Q3_hybrid,speed_only,BTCUSDT,45.938,0,2026-09-01T08:08:00+00:00,2026-09-29T07:39:55.765732+00:00
3,Q3_hybrid,lambda,BTCUSDT,60.318,0,2026-09-01T08:08:00+00:00,2026-09-29T07:39:55.765732+00:00
4,Q3_hybrid,batch_only,BTCUSDT,62.335,60,2026-09-01T08:08:00+00:00,2026-09-29T07:39:55.927017+00:00
4,Q3_hybrid,speed_only,BTCUSDT,47.518,0,2026-09-01T08:08:00+00:00,2026-09-29T07:39:55.927017+00:00
4,Q3_hybrid,lambda,BTCUSDT,49.674,0,2026-09-01T08:08:00+00:00,2026-09-29T07:39:55.927017+00:00
5,Q3_hybrid,batch_only,BTCUSDT,52.807,60,2026-09-01T08:08:00+00:00,2026-09-29T07:39:56.086386+00:00
5,Q3_hybrid,speed_only,BTCUSDT,47.312,0,2026-09-01T08:08:00+00:00,2026-09-29T07:39:56.086386+00:00
5,Q3_hybrid,lambda,BTCUSDT,50.567,0,2026-09-01T08:08:00+00:00,2026-09-29T07:39:56.086386+00:00
1,Q1_historical,batch_only,BTCUSDT,81.866,4320,2026-09-01T08:08:00+00:00,2026-09-29T07:40:05.814284+00:00
1,Q1_historical,speed_only,BTCUSDT,49.378,0,2026-09-01T08:08:00+00:00,2026-09-29T07:40:05.814284+00:00
1,Q1_historical,lambda,BTCUSDT,92.112,4320,2026-09-01T08:08:00+00:00,2026-09-29T07:40:05.814284+00:00
2,Q1_historical,batch_only,BTCUSDT,75.548,4320,2026-09-01T08:08:00+00:00,2026-09-29T07:40:06.037804+00:00
2,Q1_historical,speed_only,BTCUSDT,61.551,0,2026-09-01T08:08:00+00:00,2026-09-29T07:40:06.037804+00:00
2,Q1_historical,lambda,BTCUSDT,93.631,4320,2026-09-01T08:08:00+00:00,2026-09-29T07:40:06.037804+00:00
3,Q1_historical,batch_only,BTCUSDT,92.196,4320,2026-09-01T08:08:00+00:00,2026-09-29T07:40:06.270681+00:00
3,Q1_historical,speed_only,BTCUSDT,51.189,0,2026-09-01T08:08:00+00:00,2026-09-29T07:40:06.270681+00:00
3,Q1_historical,lambda,BTCUSDT,90.644,4320,2026-09-01T08:08:00+00:00,2026-09-29T07:40:06.270681+00:00
4,Q1_historical,batch_only,BTCUSDT,102.068,4320,2026-09-01T08:08:00+00:00,2026-09-29T07:40:06.507965+00:00
4,Q1_historical,speed_only,BTCUSDT,56.242,0,2026-09-01T08:08:00+00:00,2026-09-29T07:40:06.507965+00:00
4,Q1_historical,lambda,BTCUSDT,111.474,4320,2026-09-01T08:08:00+00:00,2026-09-29T07:40:06.507965+00:00
5,Q1_historical,batch_only,BTCUSDT,91.109,4320,2026-09-01T08:08:00+00:00,2026-09-29T07:40:06.782192+00:00
5,Q1_historical,speed_only,BTCUSDT,53.694,0,2026-09-01T08:08:00+00:00,2026-09-29T07:40:06.782192+00:00
5,Q1_historical,lambda,BTCUSDT,105.19,4320,2026-09-01T08:08:00+00:00,2026-09-29T07:40:06.782192+00:00
1,Q2_realtime,batch_only,BTCUSDT,57.054,10,2026-09-01T08:08:00+00:00,2026-09-29T07:40:07.035634+00:00
1,Q2_realtime,speed_only,BTCUSDT,148.984,0,2026-09-01T08:08:00+00:00,2026-09-29T07:40:07.035634+00:00
1,Q2_realtime,lambda,BTCUSDT,25.839,0,2026-09-01T08:08:00+00:00,2026-09-29T07:40:07.035634+00:00
2,Q2_realtime,batch_only,BTCUSDT,57.824,10,2026-09-01T08:08:00+00:00,2026-09-29T07:40:07.271697+00:00
2,Q2_realtime,speed_only,BTCUSDT,56.243,0,2026-09-01T08:08:00+00:00,2026-09-29T07:40:07.271697+00:00
2,Q2_realtime,lambda,BTCUSDT,60.496,0,2026-09-01T08:08:00+00:00,2026-09-29T07:40:07.271697+00:00
3,Q2_realtime,batch_only,BTCUSDT,54.297,10,2026-09-01T08:08:00+00:00,2026-09-29T07:40:07.445889+00:00
3,Q2_realtime,speed_only,BTCUSDT,45.187,0,2026-09-01T08:08:00+00:00,2026-09-29T07:40:07.445889+00:00
3,Q2_realtime,lambda,BTCUSDT,50.642,0,2026-09-01T08:08:00+00:00,2026-09-29T07:40:07.445889+00:00
4,Q2_realtime,batch_only,BTCUSDT,55.095,10,2026-09-01T08:08:00+00:00,2026-09-29T07:40:07.595713+00:00
4,Q2_realtime,speed_only,BTCUSDT,63.626,0,2026-09-01T08:08:00+00:00,2026-09-29T07:40:07.595713+00:00
4,Q2_realtime,lambda,BTCUSDT,60.561,0,2026-09-01T08:08:00+00:00,2026-09-29T07:40:07.595713+00:00
5,Q2_realtime,batch_only,BTCUSDT,53.747,10,2026-09-01T08:08:00+00:00,2026-09-29T07:40:07.775424+00:00
5,Q2_realtime,speed_only,BTCUSDT,49.2,0,2026-09-01T08:08:00+00:00,2026-09-29T07:40:07.775424+00:00
5,Q2_realtime,lambda,BTCUSDT,56.942,0,2026-09-01T08:08:00+00:00,2026-09-29T07:40:07.775424+00:00
1,Q3_hybrid,batch_only,BTCUSDT,55.242,60,2026-09-01T08:08:00+00:00,2026-09-29T07:40:07.935876+00:00
1,Q3_hybrid,speed_only,BTCUSDT,55.187,0,2026-09-01T08:08:00+00:00,2026-09-29T07:40:07.935876+00:00
1,Q3_hybrid,lambda,BTCUSDT,59.418,0,2026-09-01T08:08:00+00:00,2026-09-29T07:40:07.935876+00:00
2,Q3_hybrid,batch_only,BTCUSDT,63.33,60,2026-09-01T08:08:00+00:00,2026-09-29T07:40:08.106055+00:00
2,Q3_hybrid,speed_only,BTCUSDT,56.937,0,2026-09-01T08:08:00+00:00,2026-09-29T07:40:08.106055+00:00
2,Q3_hybrid,lambda,BTCUSDT,49.729,0,2026-09-01T08:08:00+00:00,2026-09-29T07:40:08.106055+00:00
3,Q3_hybrid,batch_only,BTCUSDT,53.943,60,2026-09-01T08:08:00+00:00,2026-09-29T07:40:08.276142+00:00
3,Q3_hybrid,speed_only,BTCUSDT,55.629,0,2026-09-01T08:08:00+00:00,2026-09-29T07:40:08.276142+00:00
3,Q3_hybrid,lambda,BTCUSDT,60.002,0,2026-09-01T08:08:00+00:00,2026-09-29T07:40:08.276142+00:00
4,Q3_hybrid,batch_only,BTCUSDT,64.891,60,2026-09-01T08:08:00+00:00,2026-09-29T07:40:08.445906+00:00
4,Q3_hybrid,speed_only,BTCUSDT,65.444,0,2026-09-01T08:08:00+00:00,2026-09-29T07:40:08.445906+00:00
4,Q3_hybrid,lambda,BTCUSDT,49.06,0,2026-09-01T08:08:00+00:00,2026-09-29T07:40:08.445906+00:00
5,Q3_hybrid,batch_only,BTCUSDT,53.899,60,2026-09-01T08:08:00+00:00,2026-09-29T07:40:08.625012+00:00
5,Q3_hybrid,speed_only,BTCUSDT,47.601,0,2026-09-01T08:08:00+00:00,2026-09-29T07:40:08.625012+00:00
5,Q3_hybrid,lambda,BTCUSDT,50.816,0,2026-09-01T08:08:00+00:00,2026-09-29T07:40:08.625012+00:00
1,Q1_historical,batch_only,BTCUSDT,84.178,4320,2026-09-01T08:08:00+00:00,2026-09-29T07:42:34.036181+00:00
1,Q1_historical,speed_only,BTCUSDT,57.424,0,2026-09-01T08:08:00+00:00,2026-09-29T07:42:34.036181+00:00
1,Q1_historical,lambda,BTCUSDT,105.204,4320,2026-09-01T08:08:00+00:00,2026-09-29T07:42:34.036181+00:00
2,Q1_historical,batch_only,BTCUSDT,100.261,4320,2026-09-01T08:08:00+00:00,2026-09-29T07:42:34.282593+00:00
2,Q1_historical,speed_only,BTCUSDT,63.341,0,2026-09-01T08:08:00+00:00,2026-09-29T07:42:34.282593+00:00
2,Q1_historical,lambda,BTCUSDT,108.029,4320,2026-09-01T08:08:00+00:00,2026-09-29T07:42:34.282593+00:00
3,Q1_historical,batch_only,BTCUSDT,89.337,4320,2026-09-01T08:08:00+00:00,2026-09-29T07:42:34.557017+00:00
3,Q1_historical,speed_only,BTCUSDT,48.457,0,2026-09-01T08:08:00+00:00,2026-09-29T07:42:34.557017+00:00
3,Q1_historical,lambda,BTCUSDT,114.457,4320,2026-09-01T08:08:00+00:00,2026-09-29T07:42:34.557017+00:00
4,Q1_historical,batch_only,BTCUSDT,126.036,4320,2026-09-01T08:08:00+00:00,2026-09-29T07:42:34.813166+00:00
4,Q1_historical,speed_only,BTCUSDT,72.373,0,2026-09-01T08:08:00+00:00,2026-09-29T07:42:34.813166+00:00
4,Q1_historical,lambda,BTCUSDT,107.816,4320,2026-09-01T08:08:00+00:00,2026-09-29T07:42:34.813166+00:00
5,Q1_historical,batch_only,BTCUSDT,85.707,4320,2026-09-01T08:08:00+00:00,2026-09-29T07:42:35.123329+00:00
5,Q1_historical,speed_only,BTCUSDT,64.668,0,2026-09-01T08:08:00+00:00,2026-09-29T07:42:35.123329+00:00
5,Q1_historical,lambda,BTCUSDT,110.596,4320,2026-09-01T08:08:00+00:00,2026-09-29T07:42:35.123329+00:00
6,Q1_historical,batch_only,BTCUSDT,90.622,4320,2026-09-01T08:08:00+00:00,2026-09-29T07:42:35.390344+00:00
6,Q1_historical,speed_only,BTCUSDT,54.794,0,2026-09-01T08:08:00+00:00,2026-09-29T07:42:35.390344+00:00
6,Q1_historical,lambda,BTCUSDT,91.223,4320,2026-09-01T08:08:00+00:00,2026-09-29T07:42:35.390344+00:00
7,Q1_historical,batch_only,BTCUSDT,83.135,4320,2026-09-01T08:08:00+00:00,2026-09-29T07:42:35.629451+00:00
7,Q1_historical,speed_only,BTCUSDT,52.867,0,2026-09-01T08:08:00+00:00,2026-09-29T07:42:35.629451+00:00
7,Q1_historical,lambda,BTCUSDT,131.281,4320,2026-09-01T08:08:00+00:00,2026-09-29T07:42:35.629451+00:00
8,Q1_historical,batch_only,BTCUSDT,80.954,4320,2026-09-01T08:08:00+00:00,2026-09-29T07:42:35.900341+00:00
8,Q1_historical,speed_only,BTCUSDT,53.394,0,2026-09-01T08:08:00+00:00,2026-09-29T07:42:35.900341+00:00
8,Q1_historical,lambda,BTCUSDT,89.185,4320,2026-09-01T08:08:00+00:00,2026-09-29T07:42:35.900341+00:00
9,Q1_historical,batch_only,BTCUSDT,92.086,4320,2026-09-01T08:08:00+00:00,2026-09-29T07:42:36.127014+00:00
9,Q1_historical,speed_only,BTCUSDT,55.207,0,2026-09-01T08:08:00+00:00,2026-09-29T07:42:36.127014+00:00
9,Q1_historical,lambda,BTCUSDT,100.232,4320,2026-09-01T08:08:00+00:00,2026-09-29T07:42:36.127014+00:00
10,Q1_historical,batch_only,BTCUSDT,86.639,4320,2026-09-01T08:08:00+00:00,2026-09-29T07:42:36.378044+00:00
10,Q1_historical,speed_only,BTCUSDT,50.884,0,2026-09-01T08:08:00+00:00,2026-09-29T07:42:36.378044+00:00
10,Q1_historical,lambda,BTCUSDT,90.624,4320,2026-09-01T08:08:00+00:00,2026-09-29T07:42:36.378044+00:00
11,Q1_historical,batch_only,BTCUSDT,84.459,4320,2026-09-01T08:08:00+00:00,2026-09-29T07:42:36.609271+00:00
11,Q1_historical,speed_only,BTCUSDT,51.222,0,2026-09-01T08:08:00+00:00,2026-09-29T07:42:36.609271+00:00
11,Q1_historical,lambda,BTCUSDT,127.761,4320,2026-09-01T08:08:00+00:00,2026-09-29T07:42:36.609271+00:00
12,Q1_historical,batch_only,BTCUSDT,77.913,4320,2026-09-01T08:08:00+00:00,2026-09-29T07:42:36.876073+00:00
12,Q1_historical,speed_only,BTCUSDT,60.964,0,2026-09-01T08:08:00+00:00,2026-09-29T07:42:36.876073+00:00
12,Q1_historical,lambda,BTCUSDT,108.026,4320,2026-09-01T08:08:00+00:00,2026-09-29T07:42:36.876073+00:00
13,Q1_historical,batch_only,BTCUSDT,87.545,4320,2026-09-01T08:08:00+00:00,2026-09-29T07:42:37.126110+00:00
13,Q1_historical,speed_only,BTCUSDT,61.851,0,2026-09-01T08:08:00+00:00,2026-09-29T07:42:37.126110+00:00
13,Q1_historical,lambda,BTCUSDT,107.031,4320,2026-09-01T08:08:00+00:00,2026-09-29T07:42:37.126110+00:00
14,Q1_historical,batch_only,BTCUSDT,86.414,4320,2026-09-01T08:08:00+00:00,2026-09-29T07:42:37.386205+00:00
14,Q1_historical,speed_only,BTCUSDT,62.306,0,2026-09-01T08:08:00+00:00,2026-09-29T07:42:37.386205+00:00
14,Q1_historical,lambda,BTCUSDT,94.983,4320,2026-09-01T08:08:00+00:00,2026-09-29T07:42:37.386205+00:00
15,Q1_historical,batch_only,BTCUSDT,138.753,4320,2026-09-01T08:08:00+00:00,2026-09-29T07:42:37.632310+00:00
15,Q1_historical,speed_only,BTCUSDT,7.091,0,2026-09-01T08:08:00+00:00,2026-09-29T07:42:37.632310+00:00
15,Q1_historical,lambda,BTCUSDT,120.097,4320,2026-09-01T08:08:00+00:00,2026-09-29T07:42:37.632310+00:00
16,Q1_historical,batch_only,BTCUSDT,90.953,4320,2026-09-01T08:08:00+00:00,2026-09-29T07:42:37.903201+00:00
16,Q1_historical,speed_only,BTCUSDT,62.461,0,2026-09-01T08:08:00+00:00,2026-09-29T07:42:37.903201+00:00
16,Q1_historical,lambda,BTCUSDT,90.291,4320,2026-09-01T08:08:00+00:00,2026-09-29T07:42:37.903201+00:00
17,Q1_historical,batch_only,BTCUSDT,75.342,4320,2026-09-01T08:08:00+00:00,2026-09-29T07:42:38.149405+00:00
17,Q1_historical,speed_only,BTCUSDT,49.575,0,2026-09-01T08:08:00+00:00,2026-09-29T07:42:38.149405+00:00
17,Q1_historical,lambda,BTCUSDT,95.272,4320,2026-09-01T08:08:00+00:00,2026-09-29T07:42:38.149405+00:00
18,Q1_historical,batch_only,BTCUSDT,83.684,4320,2026-09-01T08:08:00+00:00,2026-09-29T07:42:38.374217+00:00
18,Q1_historical,speed_only,BTCUSDT,47.368,0,2026-09-01T08:08:00+00:00,2026-09-29T07:42:38.374217+00:00
18,Q1_historical,lambda,BTCUSDT,122.121,4320,2026-09-01T08:08:00+00:00,2026-09-29T07:42:38.374217+00:00
19,Q1_historical,batch_only,BTCUSDT,82.876,4320,2026-09-01T08:08:00+00:00,2026-09-29T07:42:38.630413+00:00
19,Q1_historical,speed_only,BTCUSDT,50.711,0,2026-09-01T08:08:00+00:00,2026-09-29T07:42:38.630413+00:00
19,Q1_historical,lambda,BTCUSDT,90.856,4320,2026-09-01T08:08:00+00:00,2026-09-29T07:42:38.630413+00:00
20,Q1_historical,batch_only,BTCUSDT,77.797,4320,2026-09-01T08:08:00+00:00,2026-09-29T07:42:38.858825+00:00
20,Q1_historical,speed_only,BTCUSDT,48.208,0,2026-09-01T08:08:00+00:00,2026-09-29T07:42:38.858825+00:00
20,Q1_historical,lambda,BTCUSDT,96.86,4320,2026-09-01T08:08:00+00:00,2026-09-29T07:42:38.858825+00:00
21,Q1_historical,batch_only,BTCUSDT,80.831,4320,2026-09-01T08:08:00+00:00,2026-09-29T07:42:39.084151+00:00
21,Q1_historical,speed_only,BTCUSDT,49.825,0,2026-09-01T08:08:00+00:00,2026-09-29T07:42:39.084151+00:00
21,Q1_historical,lambda,BTCUSDT,94.939,4320,2026-09-01T08:08:00+00:00,2026-09-29T07:42:39.084151+00:00
22,Q1_historical,batch_only,BTCUSDT,91.451,4320,2026-09-01T08:08:00+00:00,2026-09-29T07:42:39.313031+00:00
22,Q1_historical,speed_only,BTCUSDT,49.402,0,2026-09-01T08:08:00+00:00,2026-09-29T07:42:39.313031+00:00
22,Q1_historical,lambda,BTCUSDT,119.826,4320,2026-09-01T08:08:00+00:00,2026-09-29T07:42:39.313031+00:00
23,Q1_historical,batch_only,BTCUSDT,78.133,4320,2026-09-01T08:08:00+00:00,2026-09-29T07:42:39.577308+00:00
23,Q1_historical,speed_only,BTCUSDT,60.169,0,2026-09-01T08:08:00+00:00,2026-09-29T07:42:39.577308+00:00
23,Q1_historical,lambda,BTCUSDT,98.688,4320,2026-09-01T08:08:00+00:00,2026-09-29T07:42:39.577308+00:00
24,Q1_historical,batch_only,BTCUSDT,83.325,4320,2026-09-01T08:08:00+00:00,2026-09-29T07:42:39.819334+00:00
24,Q1_historical,speed_only,BTCUSDT,53.363,0,2026-09-01T08:08:00+00:00,2026-09-29T07:42:39.819334+00:00
24,Q1_historical,lambda,BTCUSDT,94.072,4320,2026-09-01T08:08:00+00:00,2026-09-29T07:42:39.819334+00:00
25,Q1_historical,batch_only,BTCUSDT,87.77,4320,2026-09-01T08:08:00+00:00,2026-09-29T07:42:40.052626+00:00
25,Q1_historical,speed_only,BTCUSDT,63.45,0,2026-09-01T08:08:00+00:00,2026-09-29T07:42:40.052626+00:00
25,Q1_historical,lambda,BTCUSDT,94.818,4320,2026-09-01T08:08:00+00:00,2026-09-29T07:42:40.052626+00:00
26,Q1_historical,batch_only,BTCUSDT,114.629,4320,2026-09-01T08:08:00+00:00,2026-09-29T07:42:40.302186+00:00
26,Q1_historical,speed_only,BTCUSDT,48.499,0,2026-09-01T08:08:00+00:00,2026-09-29T07:42:40.302186+00:00
26,Q1_historical,lambda,BTCUSDT,99.536,4320,2026-09-01T08:08:00+00:00,2026-09-29T07:42:40.302186+00:00
27,Q1_historical,batch_only,BTCUSDT,85.558,4320,2026-09-01T08:08:00+00:00,2026-09-29T07:42:40.568525+00:00
27,Q1_historical,speed_only,BTCUSDT,60.859,0,2026-09-01T08:08:00+00:00,2026-09-29T07:42:40.568525+00:00
27,Q1_historical,lambda,BTCUSDT,117.602,4320,2026-09-01T08:08:00+00:00,2026-09-29T07:42:40.568525+00:00
28,Q1_historical,batch_only,BTCUSDT,32.039,4320,2026-09-01T08:08:00+00:00,2026-09-29T07:42:40.835471+00:00
28,Q1_historical,speed_only,BTCUSDT,57.384,0,2026-09-01T08:08:00+00:00,2026-09-29T07:42:40.835471+00:00
28,Q1_historical,lambda,BTCUSDT,91.816,4320,2026-09-01T08:08:00+00:00,2026-09-29T07:42:40.835471+00:00
29,Q1_historical,batch_only,BTCUSDT,82.565,4320,2026-09-01T08:08:00+00:00,2026-09-29T07:42:41.019079+00:00
29,Q1_historical,speed_only,BTCUSDT,52.762,0,2026-09-01T08:08:00+00:00,2026-09-29T07:42:41.019079+00:00
29,Q1_historical,lambda,BTCUSDT,120.748,4320,2026-09-01T08:08:00+00:00,2026-09-29T07:42:41.019079+00:00
30,Q1_historical,batch_only,BTCUSDT,73.461,4320,2026-09-01T08:08:00+00:00,2026-09-29T07:42:41.278763+00:00
30,Q1_historical,speed_only,BTCUSDT,51.607,0,2026-09-01T08:08:00+00:00,2026-09-29T07:42:41.278763+00:00
30,Q1_historical,lambda,BTCUSDT,101.52,4320,2026-09-01T08:08:00+00:00,2026-09-29T07:42:41.278763+00:00
1,Q2_realtime,batch_only,BTCUSDT,60.291,10,2026-09-01T08:08:00+00:00,2026-09-29T07:42:41.509037+00:00
1,Q2_realtime,speed_only,BTCUSDT,64.443,0,2026-09-01T08:08:00+00:00,2026-09-29T07:42:41.509037+00:00
1,Q2_realtime,lambda,BTCUSDT,54.27,0,2026-09-01T08:08:00+00:00,2026-09-29T07:42:41.509037+00:00
2,Q2_realtime,batch_only,BTCUSDT,59.716,10,2026-09-01T08:08:00+00:00,2026-09-29T07:42:41.691300+00:00
2,Q2_realtime,speed_only,BTCUSDT,55.148,0,2026-09-01T08:08:00+00:00,2026-09-29T07:42:41.691300+00:00
2,Q2_realtime,lambda,BTCUSDT,49.977,0,2026-09-01T08:08:00+00:00,2026-09-29T07:42:41.691300+00:00
3,Q2_realtime,batch_only,BTCUSDT,55.759,10,2026-09-01T08:08:00+00:00,2026-09-29T07:42:41.856841+00:00
3,Q2_realtime,speed_only,BTCUSDT,63.818,0,2026-09-01T08:08:00+00:00,2026-09-29T07:42:41.856841+00:00
3,Q2_realtime,lambda,BTCUSDT,51.161,0,2026-09-01T08:08:00+00:00,2026-09-29T07:42:41.856841+00:00
4,Q2_realtime,batch_only,BTCUSDT,53.081,10,2026-09-01T08:08:00+00:00,2026-09-29T07:42:42.027213+00:00
4,Q2_realtime,speed_only,BTCUSDT,56.896,0,2026-09-01T08:08:00+00:00,2026-09-29T07:42:42.027213+00:00
4,Q2_realtime,lambda,BTCUSDT,47.889,0,2026-09-01T08:08:00+00:00,2026-09-29T07:42:42.027213+00:00
5,Q2_realtime,batch_only,BTCUSDT,55.634,10,2026-09-01T08:08:00+00:00,2026-09-29T07:42:42.185158+00:00
5,Q2_realtime,speed_only,BTCUSDT,65.889,0,2026-09-01T08:08:00+00:00,2026-09-29T07:42:42.185158+00:00
5,Q2_realtime,lambda,BTCUSDT,59.646,0,2026-09-01T08:08:00+00:00,2026-09-29T07:42:42.185158+00:00
6,Q2_realtime,batch_only,BTCUSDT,63.51,10,2026-09-01T08:08:00+00:00,2026-09-29T07:42:42.367108+00:00
6,Q2_realtime,speed_only,BTCUSDT,55.666,0,2026-09-01T08:08:00+00:00,2026-09-29T07:42:42.367108+00:00
6,Q2_realtime,lambda,BTCUSDT,50.669,0,2026-09-01T08:08:00+00:00,2026-09-29T07:42:42.367108+00:00
7,Q2_realtime,batch_only,BTCUSDT,52.598,10,2026-09-01T08:08:00+00:00,2026-09-29T07:42:42.536925+00:00
7,Q2_realtime,speed_only,BTCUSDT,45.685,0,2026-09-01T08:08:00+00:00,2026-09-29T07:42:42.536925+00:00
7,Q2_realtime,lambda,BTCUSDT,50.173,0,2026-09-01T08:08:00+00:00,2026-09-29T07:42:42.536925+00:00
8,Q2_realtime,batch_only,BTCUSDT,53.646,10,2026-09-01T08:08:00+00:00,2026-09-29T07:42:42.685149+00:00
8,Q2_realtime,speed_only,BTCUSDT,47.044,0,2026-09-01T08:08:00+00:00,2026-09-29T07:42:42.685149+00:00
8,Q2_realtime,lambda,BTCUSDT,54.888,0,2026-09-01T08:08:00+00:00,2026-09-29T07:42:42.685149+00:00
9,Q2_realtime,batch_only,BTCUSDT,71.701,10,2026-09-01T08:08:00+00:00,2026-09-29T07:42:42.841294+00:00
9,Q2_realtime,speed_only,BTCUSDT,62.284,0,2026-09-01T08:08:00+00:00,2026-09-29T07:42:42.841294+00:00
9,Q2_realtime,lambda,BTCUSDT,51.571,0,2026-09-01T08:08:00+00:00,2026-09-29T07:42:42.841294+00:00
10,Q2_realtime,batch_only,BTCUSDT,55.496,10,2026-09-01T08:08:00+00:00,2026-09-29T07:42:43.026831+00:00
10,Q2_realtime,speed_only,BTCUSDT,63.56,0,2026-09-01T08:08:00+00:00,2026-09-29T07:42:43.026831+00:00
10,Q2_realtime,lambda,BTCUSDT,61.447,0,2026-09-01T08:08:00+00:00,2026-09-29T07:42:43.026831+00:00
11,Q2_realtime,batch_only,BTCUSDT,61.942,10,2026-09-01T08:08:00+00:00,2026-09-29T07:42:43.207255+00:00
11,Q2_realtime,speed_only,BTCUSDT,46.226,0,2026-09-01T08:08:00+00:00,2026-09-29T07:42:43.207255+00:00
11,Q2_realtime,lambda,BTCUSDT,50.663,0,2026-09-01T08:08:00+00:00,2026-09-29T07:42:43.207255+00:00
12,Q2_realtime,batch_only,BTCUSDT,52.828,10,2026-09-01T08:08:00+00:00,2026-09-29T07:42:43.366290+00:00
12,Q2_realtime,speed_only,BTCUSDT,46.567,0,2026-09-01T08:08:00+00:00,2026-09-29T07:42:43.366290+00:00
12,Q2_realtime,lambda,BTCUSDT,51.157,0,2026-09-01T08:08:00+00:00,2026-09-29T07:42:43.366290+00:00
13,Q2_realtime,batch_only,BTCUSDT,52.266,10,2026-09-01T08:08:00+00:00,2026-09-29T07:42:43.516902+00:00
13,Q2_realtime,speed_only,BTCUSDT,48.65,0,2026-09-01T08:08:00+00:00,2026-09-29T07:42:43.516902+00:00
13,Q2_realtime,lambda,BTCUSDT,47.838,0,2026-09-01T08:08:00+00:00,2026-09-29T07:42:43.516902+00:00
14,Q2_realtime,batch_only,BTCUSDT,62.819,10,2026-09-01T08:08:00+00:00,2026-09-29T07:42:43.665681+00:00
14,Q2_realtime,speed_only,BTCUSDT,46.754,0,2026-09-01T08:08:00+00:00,2026-09-29T07:42:43.665681+00:00
14,Q2_realtime,lambda,BTCUSDT,60.356,0,2026-09-01T08:08:00+00:00,2026-09-29T07:42:43.665681+00:00
15,Q2_realtime,batch_only,BTCUSDT,53.352,10,2026-09-01T08:08:00+00:00,2026-09-29T07:42:43.835397+00:00
15,Q2_realtime,speed_only,BTCUSDT,56.667,0,2026-09-01T08:08:00+00:00,2026-09-29T07:42:43.835397+00:00
15,Q2_realtime,lambda,BTCUSDT,49.699,0,2026-09-01T08:08:00+00:00,2026-09-29T07:42:43.835397+00:00
16,Q2_realtime,batch_only,BTCUSDT,63.959,10,2026-09-01T08:08:00+00:00,2026-09-29T07:42:43.995172+00:00
16,Q2_realtime,speed_only,BTCUSDT,46.997,0,2026-09-01T08:08:00+00:00,2026-09-29T07:42:43.995172+00:00
16,Q2_realtime,lambda,BTCUSDT,59.202,0,2026-09-01T08:08:00+00:00,2026-09-29T07:42:43.995172+00:00
17,Q2_realtime,batch_only,BTCUSDT,55.957,10,2026-09-01T08:08:00+00:00,2026-09-29T07:42:44.166259+00:00
17,Q2_realtime,speed_only,BTCUSDT,53.591,0,2026-09-01T08:08:00+00:00,2026-09-29T07:42:44.166259+00:00
17,Q2_realtime,lambda,BTCUSDT,51.605,0,2026-09-01T08:08:00+00:00,2026-09-29T07:42:44.166259+00:00
18,Q2_realtime,batch_only,BTCUSDT,51.747,10,2026-09-01T08:08:00+00:00,2026-09-29T07:42:44.326979+00:00
18,Q2_realtime,speed_only,BTCUSDT,46.652,0,2026-09-01T08:08:00+00:00,2026-09-29T07:42:44.326979+00:00
18,Q2_realtime,lambda,BTCUSDT,50.616,0,2026-09-01T08:08:00+00:00,2026-09-29T07:42:44.326979+00:00
19,Q2_realtime,batch_only,BTCUSDT,62.479,10,2026-09-01T08:08:00+00:00,2026-09-29T07:42:44.476565+00:00
19,Q2_realtime,speed_only,BTCUSDT,47.067,0,2026-09-01T08:08:00+00:00,2026-09-29T07:42:44.476565+00:00
19,Q2_realtime,lambda,BTCUSDT,52.822,0,2026-09-01T08:08:00+00:00,2026-09-29T07:42:44.476565+00:00
20,Q2_realtime,batch_only,BTCUSDT,51.272,10,2026-09-01T08:08:00+00:00,2026-09-29T07:42:44.638762+00:00
20,Q2_realtime,speed_only,BTCUSDT,46.522,0,2026-09-01T08:08:00+00:00,2026-09-29T07:42:44.638762+00:00
20,Q2_realtime,lambda,BTCUSDT,49.639,0,2026-09-01T08:08:00+00:00,2026-09-29T07:42:44.638762+00:00
21,Q2_realtime,batch_only,BTCUSDT,56.84,10,2026-09-01T08:08:00+00:00,2026-09-29T07:42:44.786031+00:00
21,Q2_realtime,speed_only,BTCUSDT,62.227,0,2026-09-01T08:08:00+00:00,2026-09-29T07:42:44.786031+00:00
21,Q2_realtime,lambda,BTCUSDT,49.955,0,2026-09-01T08:08:00+00:00,2026-09-29T07:42:44.786031+00:00
22,Q2_realtime,batch_only,BTCUSDT,53.658,10,2026-09-01T08:08:00+00:00,2026-09-29T07:42:44.955301+00:00
22,Q2_realtime,speed_only,BTCUSDT,56.271,0,2026-09-01T08:08:00+00:00,2026-09-29T07:42:44.955301+00:00
22,Q2_realtime,lambda,BTCUSDT,49.977,0,2026-09-01T08:08:00+00:00,2026-09-29T07:42:44.955301+00:00
23,Q2_realtime,batch_only,BTCUSDT,53.973,10,2026-09-01T08:08:00+00:00,2026-09-29T07:42:45.115265+00:00
23,Q2_realtime,speed_only,BTCUSDT,46.175,0,2026-09-01T08:08:00+00:00,2026-09-29T07:42:45.115265+00:00
23,Q2_realtime,lambda,BTCUSDT,64.842,0,2026-09-01T08:08:00+00:00,2026-09-29T07:42:45.115265+00:00
24,Q2_realtime,batch_only,BTCUSDT,49.188,10,2026-09-01T08:08:00+00:00,2026-09-29T07:42:45.280663+00:00
24,Q2_realtime,speed_only,BTCUSDT,46.61,0,2026-09-01T08:08:00+00:00,2026-09-29T07:42:45.280663+00:00
24,Q2_realtime,lambda,BTCUSDT,49.397,0,2026-09-01T08:08:00+00:00,2026-09-29T07:42:45.280663+00:00
25,Q2_realtime,batch_only,BTCUSDT,63.626,10,2026-09-01T08:08:00+00:00,2026-09-29T07:42:45.425823+00:00
25,Q2_realtime,speed_only,BTCUSDT,55.957,0,2026-09-01T08:08:00+00:00,2026-09-29T07:42:45.425823+00:00
25,Q2_realtime,lambda,BTCUSDT,60.714,0,2026-09-01T08:08:00+00:00,2026-09-29T07:42:45.425823+00:00
26,Q2_realtime,batch_only,BTCUSDT,74.599,10,2026-09-01T08:08:00+00:00,2026-09-29T07:42:45.606063+00:00
26,Q2_realtime,speed_only,BTCUSDT,66.506,0,2026-09-01T08:08:00+00:00,2026-09-29T07:42:45.606063+00:00
26,Q2_realtime,lambda,BTCUSDT,48.293,0,2026-09-01T08:08:00+00:00,2026-09-29T07:42:45.606063+00:00
27,Q2_realtime,batch_only,BTCUSDT,53.758,10,2026-09-01T08:08:00+00:00,2026-09-29T07:42:45.794817+00:00
27,Q2_realtime,speed_only,BTCUSDT,56.124,0,2026-09-01T08:08:00+00:00,2026-09-29T07:42:45.794817+00:00
27,Q2_realtime,lambda,BTCUSDT,61.187,0,2026-09-01T08:08:00+00:00,2026-09-29T07:42:45.794817+00:00
28,Q2_realtime,batch_only,BTCUSDT,66.589,10,2026-09-01T08:08:00+00:00,2026-09-29T07:42:45.966107+00:00
28,Q2_realtime,speed_only,BTCUSDT,52.391,0,2026-09-01T08:08:00+00:00,2026-09-29T07:42:45.966107+00:00
28,Q2_realtime,lambda,BTCUSDT,49.481,0,2026-09-01T08:08:00+00:00,2026-09-29T07:42:45.966107+00:00
29,Q2_realtime,batch_only,BTCUSDT,65.922,10,2026-09-01T08:08:00+00:00,2026-09-29T07:42:46.135372+00:00
29,Q2_realtime,speed_only,BTCUSDT,64.344,0,2026-09-01T08:08:00+00:00,2026-09-29T07:42:46.135372+00:00
29,Q2_realtime,lambda,BTCUSDT,49.864,0,2026-09-01T08:08:00+00:00,2026-09-29T07:42:46.135372+00:00
30,Q2_realtime,batch_only,BTCUSDT,57.109,10,2026-09-01T08:08:00+00:00,2026-09-29T07:42:46.315156+00:00
30,Q2_realtime,speed_only,BTCUSDT,63.796,0,2026-09-01T08:08:00+00:00,2026-09-29T07:42:46.315156+00:00
30,Q2_realtime,lambda,BTCUSDT,59.833,0,2026-09-01T08:08:00+00:00,2026-09-29T07:42:46.315156+00:00
1,Q3_hybrid,batch_only,BTCUSDT,55.767,60,2026-09-01T08:08:00+00:00,2026-09-29T07:42:46.497077+00:00
1,Q3_hybrid,speed_only,BTCUSDT,62.84,0,2026-09-01T08:08:00+00:00,2026-09-29T07:42:46.497077+00:00
1,Q3_hybrid,lambda,BTCUSDT,65.294,0,2026-09-01T08:08:00+00:00,2026-09-29T07:42:46.497077+00:00
2,Q3_hybrid,batch_only,BTCUSDT,59.678,60,2026-09-01T08:08:00+00:00,2026-09-29T07:42:46.680088+00:00
2,Q3_hybrid,speed_only,BTCUSDT,65.393,0,2026-09-01T08:08:00+00:00,2026-09-29T07:42:46.680088+00:00
2,Q3_hybrid,lambda,BTCUSDT,49.84,0,2026-09-01T08:08:00+00:00,2026-09-29T07:42:46.680088+00:00
3,Q3_hybrid,batch_only,BTCUSDT,63.278,60,2026-09-01T08:08:00+00:00,2026-09-29T07:42:46.855146+00:00
3,Q3_hybrid,speed_only,BTCUSDT,56.047,0,2026-09-01T08:08:00+00:00,2026-09-29T07:42:46.855146+00:00
3,Q3_hybrid,lambda,BTCUSDT,60.609,0,2026-09-01T08:08:00+00:00,2026-09-29T07:42:46.855146+00:00
4,Q3_hybrid,batch_only,BTCUSDT,63.096,60,2026-09-01T08:08:00+00:00,2026-09-29T07:42:47.036026+00:00
4,Q3_hybrid,speed_only,BTCUSDT,47.419,0,2026-09-01T08:08:00+00:00,2026-09-29T07:42:47.036026+00:00
4,Q3_hybrid,lambda,BTCUSDT,49.851,0,2026-09-01T08:08:00+00:00,2026-09-29T07:42:47.036026+00:00
5,Q3_hybrid,batch_only,BTCUSDT,62.694,60,2026-09-01T08:08:00+00:00,2026-09-29T07:42:47.195997+00:00
5,Q3_hybrid,speed_only,BTCUSDT,46.615,0,2026-09-01T08:08:00+00:00,2026-09-29T07:42:47.195997+00:00
5,Q3_hybrid,lambda,BTCUSDT,50.884,0,2026-09-01T08:08:00+00:00,2026-09-29T07:42:47.195997+00:00
6,Q3_hybrid,batch_only,BTCUSDT,52.28,60,2026-09-01T08:08:00+00:00,2026-09-29T07:42:47.356254+00:00
6,Q3_hybrid,speed_only,BTCUSDT,56.8,0,2026-09-01T08:08:00+00:00,2026-09-29T07:42:47.356254+00:00
6,Q3_hybrid,lambda,BTCUSDT,60.089,0,2026-09-01T08:08:00+00:00,2026-09-29T07:42:47.356254+00:00
7,Q3_hybrid,batch_only,BTCUSDT,63.775,60,2026-09-01T08:08:00+00:00,2026-09-29T07:42:47.525903+00:00
7,Q3_hybrid,speed_only,BTCUSDT,55.985,0,2026-09-01T08:08:00+00:00,2026-09-29T07:42:47.525903+00:00
7,Q3_hybrid,lambda,BTCUSDT,59.587,0,2026-09-01T08:08:00+00:00,2026-09-29T07:42:47.525903+00:00
8,Q3_hybrid,batch_only,BTCUSDT,54.711,60,2026-09-01T08:08:00+00:00,2026-09-29T07:42:47.705174+00:00
8,Q3_hybrid,speed_only,BTCUSDT,45.907,0,2026-09-01T08:08:00+00:00,2026-09-29T07:42:47.705174+00:00
8,Q3_hybrid,lambda,BTCUSDT,50.109,0,2026-09-01T08:08:00+00:00,2026-09-29T07:42:47.705174+00:00
9,Q3_hybrid,batch_only,BTCUSDT,55.593,60,2026-09-01T08:08:00+00:00,2026-09-29T07:42:47.856003+00:00
9,Q3_hybrid,speed_only,BTCUSDT,54.62,0,2026-09-01T08:08:00+00:00,2026-09-29T07:42:47.856003+00:00
9,Q3_hybrid,lambda,BTCUSDT,60.627,0,2026-09-01T08:08:00+00:00,2026-09-29T07:42:47.856003+00:00
10,Q3_hybrid,batch_only,BTCUSDT,52.215,60,2026-09-01T08:08:00+00:00,2026-09-29T07:42:48.026284+00:00
10,Q3_hybrid,speed_only,BTCUSDT,46.492,0,2026-09-01T08:08:00+00:00,2026-09-29T07:42:48.026284+00:00
10,Q3_hybrid,lambda,BTCUSDT,59.944,0,2026-09-01T08:08:00+00:00,2026-09-29T07:42:48.026284+00:00
11,Q3_hybrid,batch_only,BTCUSDT,53.36,60,2026-09-01T08:08:00+00:00,2026-09-29T07:42:48.185919+00:00
11,Q3_hybrid,speed_only,BTCUSDT,56.244,0,2026-09-01T08:08:00+00:00,2026-09-29T07:42:48.185919+00:00
11,Q3_hybrid,lambda,BTCUSDT,60.943,0,2026-09-01T08:08:00+00:00,2026-09-29T07:42:48.185919+00:00
12,Q3_hybrid,batch_only,BTCUSDT,63.329,60,2026-09-01T08:08:00+00:00,2026-09-29T07:42:48.356306+00:00
12,Q3_hybrid,speed_only,BTCUSDT,55.793,0,2026-09-01T08:08:00+00:00,2026-09-29T07:42:48.356306+00:00
12,Q3_hybrid,lambda,BTCUSDT,50.181,0,2026-09-01T08:08:00+00:00,2026-09-29T07:42:48.356306+00:00
13,Q3_hybrid,batch_only,BTCUSDT,53.367,60,2026-09-01T08:08:00+00:00,2026-09-29T07:42:48.525810+00:00
13,Q3_hybrid,speed_only,BTCUSDT,46.744,0,2026-09-01T08:08:00+00:00,2026-09-29T07:42:48.525810+00:00
13,Q3_hybrid,lambda,BTCUSDT,59.813,0,2026-09-01T08:08:00+00:00,2026-09-29T07:42:48.525810+00:00
14,Q3_hybrid,batch_only,BTCUSDT,53.221,60,2026-09-01T08:08:00+00:00,2026-09-29T07:42:48.685685+00:00
14,Q3_hybrid,speed_only,BTCUSDT,56.244,0,2026-09-01T08:08:00+00:00,2026-09-29T07:42:48.685685+00:00
14,Q3_hybrid,lambda,BTCUSDT,60.515,0,2026-09-01T08:08:00+00:00,2026-09-29T07:42:48.685685+00:00
15,Q3_hybrid,batch_only,BTCUSDT,53.167,60,2026-09-01T08:08:00+00:00,2026-09-29T07:42:48.856122+00:00
15,Q3_hybrid,speed_only,BTCUSDT,57.53,0,2026-09-01T08:08:00+00:00,2026-09-29T07:42:48.856122+00:00
15,Q3_hybrid,lambda,BTCUSDT,59.288,0,2026-09-01T08:08:00+00:00,2026-09-29T07:42:48.856122+00:00
16,Q3_hybrid,batch_only,BTCUSDT,53.5,60,2026-09-01T08:08:00+00:00,2026-09-29T07:42:49.026258+00:00
16,Q3_hybrid,speed_only,BTCUSDT,56.164,0,2026-09-01T08:08:00+00:00,2026-09-29T07:42:49.026258+00:00
16,Q3_hybrid,lambda,BTCUSDT,60.418,0,2026-09-01T08:08:00+00:00,2026-09-29T07:42:49.026258+00:00
17,Q3_hybrid,batch_only,BTCUSDT,63.816,60,2026-09-01T08:08:00+00:00,2026-09-29T07:42:49.196289+00:00
17,Q3_hybrid,speed_only,BTCUSDT,46.255,0,2026-09-01T08:08:00+00:00,2026-09-29T07:42:49.196289+00:00
17,Q3_hybrid,lambda,BTCUSDT,49.934,0,2026-09-01T08:08:00+00:00,2026-09-29T07:42:49.196289+00:00
18,Q3_hybrid,batch_only,BTCUSDT,53.222,60,2026-09-01T08:08:00+00:00,2026-09-29T07:42:49.355795+00:00
18,Q3_hybrid,speed_only,BTCUSDT,45.974,0,2026-09-01T08:08:00+00:00,2026-09-29T07:42:49.355795+00:00
18,Q3_hybrid,lambda,BTCUSDT,50.765,0,2026-09-01T08:08:00+00:00,2026-09-29T07:42:49.355795+00:00
19,Q3_hybrid,batch_only,BTCUSDT,65.009,60,2026-09-01T08:08:00+00:00,2026-09-29T07:42:49.506348+00:00
19,Q3_hybrid,speed_only,BTCUSDT,66.596,0,2026-09-01T08:08:00+00:00,2026-09-29T07:42:49.506348+00:00
19,Q3_hybrid,lambda,BTCUSDT,47.844,0,2026-09-01T08:08:00+00:00,2026-09-29T07:42:49.506348+00:00
20,Q3_hybrid,batch_only,BTCUSDT,63.328,60,2026-09-01T08:08:00+00:00,2026-09-29T07:42:49.685363+00:00
20,Q3_hybrid,speed_only,BTCUSDT,56.764,0,2026-09-01T08:08:00+00:00,2026-09-29T07:42:49.685363+00:00
20,Q3_hybrid,lambda,BTCUSDT,49.892,0,2026-09-01T08:08:00+00:00,2026-09-29T07:42:49.685363+00:00
21,Q3_hybrid,batch_only,BTCUSDT,54.571,60,2026-09-01T08:08:00+00:00,2026-09-29T07:42:49.855618+00:00
21,Q3_hybrid,speed_only,BTCUSDT,44.928,0,2026-09-01T08:08:00+00:00,2026-09-29T07:42:49.855618+00:00
21,Q3_hybrid,lambda,BTCUSDT,51.28,0,2026-09-01T08:08:00+00:00,2026-09-29T07:42:49.855618+00:00
22,Q3_hybrid,batch_only,BTCUSDT,53.18,60,2026-09-01T08:08:00+00:00,2026-09-29T07:42:50.006452+00:00
22,Q3_hybrid,speed_only,BTCUSDT,65.674,0,2026-09-01T08:08:00+00:00,2026-09-29T07:42:50.006452+00:00
22,Q3_hybrid,lambda,BTCUSDT,64.857,0,2026-09-01T08:08:00+00:00,2026-09-29T07:42:50.006452+00:00
23,Q3_hybrid,batch_only,BTCUSDT,58.335,60,2026-09-01T08:08:00+00:00,2026-09-29T07:42:50.190504+00:00
23,Q3_hybrid,speed_only,BTCUSDT,57.657,0,2026-09-01T08:08:00+00:00,2026-09-29T07:42:50.190504+00:00
23,Q3_hybrid,lambda,BTCUSDT,49.352,0,2026-09-01T08:08:00+00:00,2026-09-29T07:42:50.190504+00:00
24,Q3_hybrid,batch_only,BTCUSDT,53.109,60,2026-09-01T08:08:00+00:00,2026-09-29T07:42:50.356101+00:00
24,Q3_hybrid,speed_only,BTCUSDT,48.04,0,2026-09-01T08:08:00+00:00,2026-09-29T07:42:50.356101+00:00
24,Q3_hybrid,lambda,BTCUSDT,48.503,0,2026-09-01T08:08:00+00:00,2026-09-29T07:42:50.356101+00:00
25,Q3_hybrid,batch_only,BTCUSDT,53.062,60,2026-09-01T08:08:00+00:00,2026-09-29T07:42:50.505139+00:00
25,Q3_hybrid,speed_only,BTCUSDT,46.945,0,2026-09-01T08:08:00+00:00,2026-09-29T07:42:50.505139+00:00
25,Q3_hybrid,lambda,BTCUSDT,59.838,0,2026-09-01T08:08:00+00:00,2026-09-29T07:42:50.505139+00:00
26,Q3_hybrid,batch_only,BTCUSDT,62.838,60,2026-09-01T08:08:00+00:00,2026-09-29T07:42:50.665549+00:00
26,Q3_hybrid,speed_only,BTCUSDT,57.218,0,2026-09-01T08:08:00+00:00,2026-09-29T07:42:50.665549+00:00
26,Q3_hybrid,lambda,BTCUSDT,51.256,0,2026-09-01T08:08:00+00:00,2026-09-29T07:42:50.665549+00:00
27,Q3_hybrid,batch_only,BTCUSDT,51.494,60,2026-09-01T08:08:00+00:00,2026-09-29T07:42:50.837253+00:00
27,Q3_hybrid,speed_only,BTCUSDT,56.944,0,2026-09-01T08:08:00+00:00,2026-09-29T07:42:50.837253+00:00
27,Q3_hybrid,lambda,BTCUSDT,49.679,0,2026-09-01T08:08:00+00:00,2026-09-29T07:42:50.837253+00:00
28,Q3_hybrid,batch_only,BTCUSDT,63.644,60,2026-09-01T08:08:00+00:00,2026-09-29T07:42:50.994901+00:00
28,Q3_hybrid,speed_only,BTCUSDT,47.539,0,2026-09-01T08:08:00+00:00,2026-09-29T07:42:50.994901+00:00
28,Q3_hybrid,lambda,BTCUSDT,59.181,0,2026-09-01T08:08:00+00:00,2026-09-29T07:42:50.994901+00:00
29,Q3_hybrid,batch_only,BTCUSDT,54.114,60,2026-09-01T08:08:00+00:00,2026-09-29T07:42:51.165202+00:00
29,Q3_hybrid,speed_only,BTCUSDT,47.261,0,2026-09-01T08:08:00+00:00,2026-09-29T07:42:51.165202+00:00
29,Q3_hybrid,lambda,BTCUSDT,48.296,0,2026-09-01T08:08:00+00:00,2026-09-29T07:42:51.165202+00:00
30,Q3_hybrid,batch_only,BTCUSDT,63.33,60,2026-09-01T08:08:00+00:00,2026-09-29T07:42:51.315336+00:00
30,Q3_hybrid,speed_only,BTCUSDT,47.14,0,2026-09-01T08:08:00+00:00,2026-09-29T07:42:51.315336+00:00
30,Q3_hybrid,lambda,BTCUSDT,59.671,0,2026-09-01T08:08:00+00:00,2026-09-29T07:42:51.315336+00:00
1,Q1_historical,batch_only,ETHUSDT,85.877,4320,2026-09-01T08:08:00+00:00,2026-09-29T07:42:51.485804+00:00
1,Q1_historical,speed_only,ETHUSDT,63.04,0,2026-09-01T08:08:00+00:00,2026-09-29T07:42:51.485804+00:00
1,Q1_historical,lambda,ETHUSDT,89.856,4320,2026-09-01T08:08:00+00:00,2026-09-29T07:42:51.485804+00:00
2,Q1_historical,batch_only,ETHUSDT,76.212,4320,2026-09-01T08:08:00+00:00,2026-09-29T07:42:51.725243+00:00
2,Q1_historical,speed_only,ETHUSDT,63.61,0,2026-09-01T08:08:00+00:00,2026-09-29T07:42:51.725243+00:00
2,Q1_historical,lambda,ETHUSDT,108.966,4320,2026-09-01T08:08:00+00:00,2026-09-29T07:42:51.725243+00:00
3,Q1_historical,batch_only,ETHUSDT,98.422,4320,2026-09-01T08:08:00+00:00,2026-09-29T07:42:51.977363+00:00
3,Q1_historical,speed_only,ETHUSDT,59.532,0,2026-09-01T08:08:00+00:00,2026-09-29T07:42:51.977363+00:00
3,Q1_historical,lambda,ETHUSDT,119.386,4320,2026-09-01T08:08:00+00:00,2026-09-29T07:42:51.977363+00:00
4,Q1_historical,batch_only,ETHUSDT,87.304,4320,2026-09-01T08:08:00+00:00,2026-09-29T07:42:52.258166+00:00
4,Q1_historical,speed_only,ETHUSDT,58.942,0,2026-09-01T08:08:00+00:00,2026-09-29T07:42:52.258166+00:00
4,Q1_historical,lambda,ETHUSDT,101.628,4320,2026-09-01T08:08:00+00:00,2026-09-29T07:42:52.258166+00:00
5,Q1_historical,batch_only,ETHUSDT,83.258,4320,2026-09-01T08:08:00+00:00,2026-09-29T07:42:52.509017+00:00
5,Q1_historical,speed_only,ETHUSDT,52.93,0,2026-09-01T08:08:00+00:00,2026-09-29T07:42:52.509017+00:00
5,Q1_historical,lambda,ETHUSDT,90.18,4320,2026-09-01T08:08:00+00:00,2026-09-29T07:42:52.509017+00:00
6,Q1_historical,batch_only,ETHUSDT,85.583,4320,2026-09-01T08:08:00+00:00,2026-09-29T07:42:52.737705+00:00
6,Q1_historical,speed_only,ETHUSDT,51.092,0,2026-09-01T08:08:00+00:00,2026-09-29T07:42:52.737705+00:00
6,Q1_historical,lambda,ETHUSDT,103.152,4320,2026-09-01T08:08:00+00:00,2026-09-29T07:42:52.737705+00:00
7,Q1_historical,batch_only,ETHUSDT,118.123,4320,2026-09-01T08:08:00+00:00,2026-09-29T07:42:52.981617+00:00
7,Q1_historical,speed_only,ETHUSDT,54.914,0,2026-09-01T08:08:00+00:00,2026-09-29T07:42:52.981617+00:00
7,Q1_historical,lambda,ETHUSDT,93.17,4320,2026-09-01T08:08:00+00:00,2026-09-29T07:42:52.981617+00:00
8,Q1_historical,batch_only,ETHUSDT,82.687,4320,2026-09-01T08:08:00+00:00,2026-09-29T07:42:53.250533+00:00
8,Q1_historical,speed_only,ETHUSDT,50.73,0,2026-09-01T08:08:00+00:00,2026-09-29T07:42:53.250533+00:00
8,Q1_historical,lambda,ETHUSDT,101.243,4320,2026-09-01T08:08:00+00:00,2026-09-29T07:42:53.250533+00:00
9,Q1_historical,batch_only,ETHUSDT,74.073,4320,2026-09-01T08:08:00+00:00,2026-09-29T07:42:53.488442+00:00
9,Q1_historical,speed_only,ETHUSDT,51.908,0,2026-09-01T08:08:00+00:00,2026-09-29T07:42:53.488442+00:00
9,Q1_historical,lambda,ETHUSDT,91.707,4320,2026-09-01T08:08:00+00:00,2026-09-29T07:42:53.488442+00:00
10,Q1_historical,batch_only,ETHUSDT,108.0,4320,2026-09-01T08:08:00+00:00,2026-09-29T07:42:53.709065+00:00
10,Q1_historical,speed_only,ETHUSDT,46.622,0,2026-09-01T08:08:00+00:00,2026-09-29T07:42:53.709065+00:00
10,Q1_historical,lambda,ETHUSDT,112.968,4320,2026-09-01T08:08:00+00:00,2026-09-29T07:42:53.709065+00:00
11,Q1_historical,batch_only,ETHUSDT,82.815,4320,2026-09-01T08:08:00+00:00,2026-09-29T07:42:53.980764+00:00
11,Q1_historical,speed_only,ETHUSDT,58.549,0,2026-09-01T08:08:00+00:00,2026-09-29T07:42:53.980764+00:00
11,Q1_historical,lambda,ETHUSDT,100.94,4320,2026-09-01T08:08:00+00:00,2026-09-29T07:42:53.980764+00:00
12,Q1_historical,batch_only,ETHUSDT,80.228,4320,2026-09-01T08:08:00+00:00,2026-09-29T07:42:54.225375+00:00
12,Q1_historical,speed_only,ETHUSDT,57.919,0,2026-09-01T08:08:00+00:00,2026-09-29T07:42:54.225375+00:00
12,Q1_historical,lambda,ETHUSDT,101.837,4320,2026-09-01T08:08:00+00:00,2026-09-29T07:42:54.225375+00:00
13,Q1_historical,batch_only,ETHUSDT,73.624,4320,2026-09-01T08:08:00+00:00,2026-09-29T07:42:54.468712+00:00
13,Q1_historical,speed_only,ETHUSDT,51.952,0,2026-09-01T08:08:00+00:00,2026-09-29T07:42:54.468712+00:00
13,Q1_historical,lambda,ETHUSDT,106.734,4320,2026-09-01T08:08:00+00:00,2026-09-29T07:42:54.468712+00:00
14,Q1_historical,batch_only,ETHUSDT,76.84,4320,2026-09-01T08:08:00+00:00,2026-09-29T07:42:54.704120+00:00
14,Q1_historical,speed_only,ETHUSDT,53.501,0,2026-09-01T08:08:00+00:00,2026-09-29T07:42:54.704120+00:00
14,Q1_historical,lambda,ETHUSDT,114.742,4320,2026-09-01T08:08:00+00:00,2026-09-29T07:42:54.704120+00:00
15,Q1_historical,batch_only,ETHUSDT,80.346,4320,2026-09-01T08:08:00+00:00,2026-09-29T07:42:54.952693+00:00
15,Q1_historical,speed_only,ETHUSDT,51.361,0,2026-09-01T08:08:00+00:00,2026-09-29T07:42:54.952693+00:00
15,Q1_historical,lambda,ETHUSDT,117.573,4320,2026-09-01T08:08:00+00:00,2026-09-29T07:42:54.952693+00:00
16,Q1_historical,batch_only,ETHUSDT,77.562,4320,2026-09-01T08:08:00+00:00,2026-09-29T07:42:55.205391+00:00
16,Q1_historical,speed_only,ETHUSDT,61.218,0,2026-09-01T08:08:00+00:00,2026-09-29T07:42:55.205391+00:00
16,Q1_historical,lambda,ETHUSDT,91.5,4320,2026-09-01T08:08:00+00:00,2026-09-29T07:42:55.205391+00:00
17,Q1_historical,batch_only,ETHUSDT,82.577,4320,2026-09-01T08:08:00+00:00,2026-09-29T07:42:55.439312+00:00
17,Q1_historical,speed_only,ETHUSDT,53.226,0,2026-09-01T08:08:00+00:00,2026-09-29T07:42:55.439312+00:00
17,Q1_historical,lambda,ETHUSDT,105.751,4320,2026-09-01T08:08:00+00:00,2026-09-29T07:42:55.439312+00:00
18,Q1_historical,batch_only,ETHUSDT,111.432,4320,2026-09-01T08:08:00+00:00,2026-09-29T07:42:55.682973+00:00
18,Q1_historical,speed_only,ETHUSDT,49.436,0,2026-09-01T08:08:00+00:00,2026-09-29T07:42:55.682973+00:00
18,Q1_historical,lambda,ETHUSDT,100.897,4320,2026-09-01T08:08:00+00:00,2026-09-29T07:42:55.682973+00:00
19,Q1_historical,batch_only,ETHUSDT,89.626,4320,2026-09-01T08:08:00+00:00,2026-09-29T07:42:55.948679+00:00
19,Q1_historical,speed_only,ETHUSDT,56.938,0,2026-09-01T08:08:00+00:00,2026-09-29T07:42:55.948679+00:00
19,Q1_historical,lambda,ETHUSDT,189.816,4320,2026-09-01T08:08:00+00:00,2026-09-29T07:42:55.948679+00:00
20,Q1_historical,batch_only,ETHUSDT,37.739,4320,2026-09-01T08:08:00+00:00,2026-09-29T07:42:56.287755+00:00
20,Q1_historical,speed_only,ETHUSDT,49.597,0,2026-09-01T08:08:00+00:00,2026-09-29T07:42:56.287755+00:00
20,Q1_historical,lambda,ETHUSDT,110.635,4320,2026-09-01T08:08:00+00:00,2026-09-29T07:42:56.287755+00:00
21,Q1_historical,batch_only,ETHUSDT,87.477,4320,2026-09-01T08:08:00+00:00,2026-09-29T07:42:56.488354+00:00
21,Q1_historical,speed_only,ETHUSDT,57.416,0,2026-09-01T08:08:00+00:00,2026-09-29T07:42:56.488354+00:00
21,Q1_historical,lambda,ETHUSDT,156.157,4320,2026-09-01T08:08:00+00:00,2026-09-29T07:42:56.488354+00:00
22,Q1_historical,batch_only,ETHUSDT,33.475,4320,2026-09-01T08:08:00+00:00,2026-09-29T07:42:56.792758+00:00
22,Q1_historical,speed_only,ETHUSDT,49.441,0,2026-09-01T08:08:00+00:00,2026-09-29T07:42:56.792758+00:00
22,Q1_historical,lambda,ETHUSDT,102.87,4320,2026-09-01T08:08:00+00:00,2026-09-29T07:42:56.792758+00:00
23,Q1_historical,batch_only,ETHUSDT,85.59,4320,2026-09-01T08:08:00+00:00,2026-09-29T07:42:56.982453+00:00
23,Q1_historical,speed_only,ETHUSDT,46.249,0,2026-09-01T08:08:00+00:00,2026-09-29T07:42:56.982453+00:00
23,Q1_historical,lambda,ETHUSDT,94.873,4320,2026-09-01T08:08:00+00:00,2026-09-29T07:42:56.982453+00:00
24,Q1_historical,batch_only,ETHUSDT,85.79,4320,2026-09-01T08:08:00+00:00,2026-09-29T07:42:57.212734+00:00
24,Q1_historical,speed_only,ETHUSDT,55.793,0,2026-09-01T08:08:00+00:00,2026-09-29T07:42:57.212734+00:00
24,Q1_historical,lambda,ETHUSDT,91.666,4320,2026-09-01T08:08:00+00:00,2026-09-29T07:42:57.212734+00:00
25,Q1_historical,batch_only,ETHUSDT,84.097,4320,2026-09-01T08:08:00+00:00,2026-09-29T07:42:57.449350+00:00
25,Q1_historical,speed_only,ETHUSDT,50.226,0,2026-09-01T08:08:00+00:00,2026-09-29T07:42:57.449350+00:00
25,Q1_historical,lambda,ETHUSDT,111.912,4320,2026-09-01T08:08:00+00:00,2026-09-29T07:42:57.449350+00:00
26,Q1_historical,batch_only,ETHUSDT,75.74,4320,2026-09-01T08:08:00+00:00,2026-09-29T07:42:57.698729+00:00
26,Q1_historical,speed_only,ETHUSDT,58.379,0,2026-09-01T08:08:00+00:00,2026-09-29T07:42:57.698729+00:00
26,Q1_historical,lambda,ETHUSDT,91.558,4320,2026-09-01T08:08:00+00:00,2026-09-29T07:42:57.698729+00:00
27,Q1_historical,batch_only,ETHUSDT,97.441,4320,2026-09-01T08:08:00+00:00,2026-09-29T07:42:57.931234+00:00
27,Q1_historical,speed_only,ETHUSDT,46.761,0,2026-09-01T08:08:00+00:00,2026-09-29T07:42:57.931234+00:00
27,Q1_historical,lambda,ETHUSDT,113.252,4320,2026-09-01T08:08:00+00:00,2026-09-29T07:42:57.931234+00:00
28,Q1_historical,batch_only,ETHUSDT,87.245,4320,2026-09-01T08:08:00+00:00,2026-09-29T07:42:58.192123+00:00
28,Q1_historical,speed_only,ETHUSDT,64.69,0,2026-09-01T08:08:00+00:00,2026-09-29T07:42:58.192123+00:00
28,Q1_historical,lambda,ETHUSDT,101.963,4320,2026-09-01T08:08:00+00:00,2026-09-29T07:42:58.192123+00:00
29,Q1_historical,batch_only,ETHUSDT,121.546,4320,2026-09-01T08:08:00+00:00,2026-09-29T07:42:58.450943+00:00
29,Q1_historical,speed_only,ETHUSDT,62.749,0,2026-09-01T08:08:00+00:00,2026-09-29T07:42:58.450943+00:00
29,Q1_historical,lambda,ETHUSDT,109.265,4320,2026-09-01T08:08:00+00:00,2026-09-29T07:42:58.450943+00:00
30,Q1_historical,batch_only,ETHUSDT,85.678,4320,2026-09-01T08:08:00+00:00,2026-09-29T07:42:58.746691+00:00
30,Q1_historical,speed_only,ETHUSDT,61.397,0,2026-09-01T08:08:00+00:00,2026-09-29T07:42:58.746691+00:00
30,Q1_historical,lambda,ETHUSDT,114.864,4320,2026-09-01T08:08:00+00:00,2026-09-29T07:42:58.746691+00:00
1,Q2_realtime,batch_only,ETHUSDT,66.51,10,2026-09-01T08:08:00+00:00,2026-09-29T07:42:59.014138+00:00
1,Q2_realtime,speed_only,ETHUSDT,62.683,0,2026-09-01T08:08:00+00:00,2026-09-29T07:42:59.014138+00:00
1,Q2_realtime,lambda,ETHUSDT,50.059,0,2026-09-01T08:08:00+00:00,2026-09-29T07:42:59.014138+00:00
2,Q2_realtime,batch_only,ETHUSDT,61.208,10,2026-09-01T08:08:00+00:00,2026-09-29T07:42:59.197543+00:00
2,Q2_realtime,speed_only,ETHUSDT,56.326,0,2026-09-01T08:08:00+00:00,2026-09-29T07:42:59.197543+00:00
2,Q2_realtime,lambda,ETHUSDT,61.909,0,2026-09-01T08:08:00+00:00,2026-09-29T07:42:59.197543+00:00
3,Q2_realtime,batch_only,ETHUSDT,53.094,10,2026-09-01T08:08:00+00:00,2026-09-29T07:42:59.377494+00:00
3,Q2_realtime,speed_only,ETHUSDT,56.476,0,2026-09-01T08:08:00+00:00,2026-09-29T07:42:59.377494+00:00
3,Q2_realtime,lambda,ETHUSDT,49.282,0,2026-09-01T08:08:00+00:00,2026-09-29T07:42:59.377494+00:00
4,Q2_realtime,batch_only,ETHUSDT,52.678,10,2026-09-01T08:08:00+00:00,2026-09-29T07:42:59.536198+00:00
4,Q2_realtime,speed_only,ETHUSDT,56.447,0,2026-09-01T08:08:00+00:00,2026-09-29T07:42:59.536198+00:00
4,Q2_realtime,lambda,ETHUSDT,50.217,0,2026-09-01T08:08:00+00:00,2026-09-29T07:42:59.536198+00:00
5,Q2_realtime,batch_only,ETHUSDT,53.029,10,2026-09-01T08:08:00+00:00,2026-09-29T07:42:59.695507+00:00
5,Q2_realtime,speed_only,ETHUSDT,46.405,0,2026-09-01T08:08:00+00:00,2026-09-29T07:42:59.695507+00:00
5,Q2_realtime,lambda,ETHUSDT,61.467,0,2026-09-01T08:08:00+00:00,2026-09-29T07:42:59.695507+00:00
6,Q2_realtime,batch_only,ETHUSDT,62.755,10,2026-09-01T08:08:00+00:00,2026-09-29T07:42:59.856332+00:00
6,Q2_realtime,speed_only,ETHUSDT,46.815,0,2026-09-01T08:08:00+00:00,2026-09-29T07:42:59.856332+00:00
6,Q2_realtime,lambda,ETHUSDT,59.708,0,2026-09-01T08:08:00+00:00,2026-09-29T07:42:59.856332+00:00
7,Q2_realtime,batch_only,ETHUSDT,53.564,10,2026-09-01T08:08:00+00:00,2026-09-29T07:43:00.025968+00:00
7,Q2_realtime,speed_only,ETHUSDT,46.726,0,2026-09-01T08:08:00+00:00,2026-09-29T07:43:00.025968+00:00
7,Q2_realtime,lambda,ETHUSDT,50.686,0,2026-09-01T08:08:00+00:00,2026-09-29T07:43:00.025968+00:00
8,Q2_realtime,batch_only,ETHUSDT,52.26,10,2026-09-01T08:08:00+00:00,2026-09-29T07:43:00.176879+00:00
8,Q2_realtime,speed_only,ETHUSDT,45.677,0,2026-09-01T08:08:00+00:00,2026-09-29T07:43:00.176879+00:00
8,Q2_realtime,lambda,ETHUSDT,61.072,0,2026-09-01T08:08:00+00:00,2026-09-29T07:43:00.176879+00:00
9,Q2_realtime,batch_only,ETHUSDT,62.751,10,2026-09-01T08:08:00+00:00,2026-09-29T07:43:00.335885+00:00
9,Q2_realtime,speed_only,ETHUSDT,47.735,0,2026-09-01T08:08:00+00:00,2026-09-29T07:43:00.335885+00:00
9,Q2_realtime,lambda,ETHUSDT,49.402,0,2026-09-01T08:08:00+00:00,2026-09-29T07:43:00.335885+00:00
10,Q2_realtime,batch_only,ETHUSDT,54.236,10,2026-09-01T08:08:00+00:00,2026-09-29T07:43:00.495818+00:00
10,Q2_realtime,speed_only,ETHUSDT,64.437,0,2026-09-01T08:08:00+00:00,2026-09-29T07:43:00.495818+00:00
10,Q2_realtime,lambda,ETHUSDT,60.955,0,2026-09-01T08:08:00+00:00,2026-09-29T07:43:00.495818+00:00
11,Q2_realtime,batch_only,ETHUSDT,52.825,10,2026-09-01T08:08:00+00:00,2026-09-29T07:43:00.676374+00:00
11,Q2_realtime,speed_only,ETHUSDT,46.381,0,2026-09-01T08:08:00+00:00,2026-09-29T07:43:00.676374+00:00
11,Q2_realtime,lambda,ETHUSDT,59.914,0,2026-09-01T08:08:00+00:00,2026-09-29T07:43:00.676374+00:00
12,Q2_realtime,batch_only,ETHUSDT,53.293,10,2026-09-01T08:08:00+00:00,2026-09-29T07:43:00.835675+00:00
12,Q2_realtime,speed_only,ETHUSDT,56.866,0,2026-09-01T08:08:00+00:00,2026-09-29T07:43:00.835675+00:00
12,Q2_realtime,lambda,ETHUSDT,52.668,0,2026-09-01T08:08:00+00:00,2026-09-29T07:43:00.835675+00:00
13,Q2_realtime,batch_only,ETHUSDT,60.415,10,2026-09-01T08:08:00+00:00,2026-09-29T07:43:00.997880+00:00
13,Q2_realtime,speed_only,ETHUSDT,46.95,0,2026-09-01T08:08:00+00:00,2026-09-29T07:43:00.997880+00:00
13,Q2_realtime,lambda,ETHUSDT,60.896,0,2026-09-01T08:08:00+00:00,2026-09-29T07:43:00.997880+00:00
14,Q2_realtime,batch_only,ETHUSDT,56.282,10,2026-09-01T08:08:00+00:00,2026-09-29T07:43:01.166636+00:00
14,Q2_realtime,speed_only,ETHUSDT,62.89,0,2026-09-01T08:08:00+00:00,2026-09-29T07:43:01.166636+00:00
14,Q2_realtime,lambda,ETHUSDT,59.567,0,2026-09-01T08:08:00+00:00,2026-09-29T07:43:01.166636+00:00
15,Q2_realtime,batch_only,ETHUSDT,63.299,10,2026-09-01T08:08:00+00:00,2026-09-29T07:43:01.345182+00:00
15,Q2_realtime,speed_only,ETHUSDT,47.281,0,2026-09-01T08:08:00+00:00,2026-09-29T07:43:01.345182+00:00
15,Q2_realtime,lambda,ETHUSDT,49.922,0,2026-09-01T08:08:00+00:00,2026-09-29T07:43:01.345182+00:00
16,Q2_realtime,batch_only,ETHUSDT,52.556,10,2026-09-01T08:08:00+00:00,2026-09-29T07:43:01.505287+00:00
16,Q2_realtime,speed_only,ETHUSDT,46.944,0,2026-09-01T08:08:00+00:00,2026-09-29T07:43:01.505287+00:00
16,Q2_realtime,lambda,ETHUSDT,50.183,0,2026-09-01T08:08:00+00:00,2026-09-29T07:43:01.505287+00:00
17,Q2_realtime,batch_only,ETHUSDT,52.572,10,2026-09-01T08:08:00+00:00,2026-09-29T07:43:01.655563+00:00
17,Q2_realtime,speed_only,ETHUSDT,47.815,0,2026-09-01T08:08:00+00:00,2026-09-29T07:43:01.655563+00:00
17,Q2_realtime,lambda,ETHUSDT,50.161,0,2026-09-01T08:08:00+00:00,2026-09-29T07:43:01.655563+00:00
18,Q2_realtime,batch_only,ETHUSDT,56.59,10,2026-09-01T08:08:00+00:00,2026-09-29T07:43:01.806056+00:00
18,Q2_realtime,speed_only,ETHUSDT,53.527,0,2026-09-01T08:08:00+00:00,2026-09-29T07:43:01.806056+00:00
18,Q2_realtime,lambda,ETHUSDT,273.714,0,2026-09-01T08:08:00+00:00,2026-09-29T07:43:01.806056+00:00
19,Q2_realtime,batch_only,ETHUSDT,59.572,10,2026-09-01T08:08:00+00:00,2026-09-29T07:43:02.190559+00:00
19,Q2_realtime,speed_only,ETHUSDT,55.608,0,2026-09-01T08:08:00+00:00,2026-09-29T07:43:02.190559+00:00
19,Q2_realtime,lambda,ETHUSDT,59.309,0,2026-09-01T08:08:00+00:00,2026-09-29T07:43:02.190559+00:00
20,Q2_realtime,batch_only,ETHUSDT,54.232,10,2026-09-01T08:08:00+00:00,2026-09-29T07:43:02.365168+00:00
20,Q2_realtime,speed_only,ETHUSDT,46.508,0,2026-09-01T08:08:00+00:00,2026-09-29T07:43:02.365168+00:00
20,Q2_realtime,lambda,ETHUSDT,62.113,0,2026-09-01T08:08:00+00:00,2026-09-29T07:43:02.365168+00:00
21,Q2_realtime,batch_only,ETHUSDT,50.5,10,2026-09-01T08:08:00+00:00,2026-09-29T07:43:02.528071+00:00
21,Q2_realtime,speed_only,ETHUSDT,56.657,0,2026-09-01T08:08:00+00:00,2026-09-29T07:43:02.528071+00:00
21,Q2_realtime,lambda,ETHUSDT,50.278,0,2026-09-01T08:08:00+00:00,2026-09-29T07:43:02.528071+00:00
22,Q2_realtime,batch_only,ETHUSDT,53.667,10,2026-09-01T08:08:00+00:00,2026-09-29T07:43:02.685181+00:00
22,Q2_realtime,speed_only,ETHUSDT,46.041,0,2026-09-01T08:08:00+00:00,2026-09-29T07:43:02.685181+00:00
22,Q2_realtime,lambda,ETHUSDT,60.415,0,2026-09-01T08:08:00+00:00,2026-09-29T07:43:02.685181+00:00
23,Q2_realtime,batch_only,ETHUSDT,62.822,10,2026-09-01T08:08:00+00:00,2026-09-29T07:43:02.845595+00:00
23,Q2_realtime,speed_only,ETHUSDT,47.165,0,2026-09-01T08:08:00+00:00,2026-09-29T07:43:02.845595+00:00
23,Q2_realtime,lambda,ETHUSDT,51.264,0,2026-09-01T08:08:00+00:00,2026-09-29T07:43:02.845595+00:00
24,Q2_realtime,batch_only,ETHUSDT,61.533,10,2026-09-01T08:08:00+00:00,2026-09-29T07:43:03.007302+00:00
24,Q2_realtime,speed_only,ETHUSDT,49.513,0,2026-09-01T08:08:00+00:00,2026-09-29T07:43:03.007302+00:00
24,Q2_realtime,lambda,ETHUSDT,48.059,0,2026-09-01T08:08:00+00:00,2026-09-29T07:43:03.007302+00:00
25,Q2_realtime,batch_only,ETHUSDT,63.461,10,2026-09-01T08:08:00+00:00,2026-09-29T07:43:03.165645+00:00
25,Q2_realtime,speed_only,ETHUSDT,55.994,0,2026-09-01T08:08:00+00:00,2026-09-29T07:43:03.165645+00:00
25,Q2_realtime,lambda,ETHUSDT,76.076,0,2026-09-01T08:08:00+00:00,2026-09-29T07:43:03.165645+00:00
26,Q2_realtime,batch_only,ETHUSDT,58.006,10,2026-09-01T08:08:00+00:00,2026-09-29T07:43:03.361490+00:00
26,Q2_realtime,speed_only,ETHUSDT,56.044,0,2026-09-01T08:08:00+00:00,2026-09-29T07:43:03.361490+00:00
26,Q2_realtime,lambda,ETHUSDT,60.53,0,2026-09-01T08:08:00+00:00,2026-09-29T07:43:03.361490+00:00
27,Q2_realtime,batch_only,ETHUSDT,53.731,10,2026-09-01T08:08:00+00:00,2026-09-29T07:43:03.536641+00:00
27,Q2_realtime,speed_only,ETHUSDT,56.627,0,2026-09-01T08:08:00+00:00,2026-09-29T07:43:03.536641+00:00
27,Q2_realtime,lambda,ETHUSDT,49.275,0,2026-09-01T08:08:00+00:00,2026-09-29T07:43:03.536641+00:00
28,Q2_realtime,batch_only,ETHUSDT,62.532,10,2026-09-01T08:08:00+00:00,2026-09-29T07:43:03.696298+00:00
28,Q2_realtime,speed_only,ETHUSDT,57.185,0,2026-09-01T08:08:00+00:00,2026-09-29T07:43:03.696298+00:00
28,Q2_realtime,lambda,ETHUSDT,60.24,0,2026-09-01T08:08:00+00:00,2026-09-29T07:43:03.696298+00:00
29,Q2_realtime,batch_only,ETHUSDT,53.329,10,2026-09-01T08:08:00+00:00,2026-09-29T07:43:03.876120+00:00
29,Q2_realtime,speed_only,ETHUSDT,56.376,0,2026-09-01T08:08:00+00:00,2026-09-29T07:43:03.876120+00:00
29,Q2_realtime,lambda,ETHUSDT,59.046,0,2026-09-01T08:08:00+00:00,2026-09-29T07:43:03.876120+00:00
30,Q2_realtime,batch_only,ETHUSDT,53.468,10,2026-09-01T08:08:00+00:00,2026-09-29T07:43:04.045258+00:00
30,Q2_realtime,speed_only,ETHUSDT,56.332,0,2026-09-01T08:08:00+00:00,2026-09-29T07:43:04.045258+00:00
30,Q2_realtime,lambda,ETHUSDT,51.036,0,2026-09-01T08:08:00+00:00,2026-09-29T07:43:04.045258+00:00
1,Q3_hybrid,batch_only,ETHUSDT,67.186,60,2026-09-01T08:08:00+00:00,2026-09-29T07:43:04.207328+00:00
1,Q3_hybrid,speed_only,ETHUSDT,50.525,0,2026-09-01T08:08:00+00:00,2026-09-29T07:43:04.207328+00:00
1,Q3_hybrid,lambda,ETHUSDT,50.603,0,2026-09-01T08:08:00+00:00,2026-09-29T07:43:04.207328+00:00
2,Q3_hybrid,batch_only,ETHUSDT,63.731,60,2026-09-01T08:08:00+00:00,2026-09-29T07:43:04.376102+00:00
2,Q3_hybrid,speed_only,ETHUSDT,46.239,0,2026-09-01T08:08:00+00:00,2026-09-29T07:43:04.376102+00:00
2,Q3_hybrid,lambda,ETHUSDT,50.632,0,2026-09-01T08:08:00+00:00,2026-09-29T07:43:04.376102+00:00
3,Q3_hybrid,batch_only,ETHUSDT,53.0,60,2026-09-01T08:08:00+00:00,2026-09-29T07:43:04.536211+00:00
3,Q3_hybrid,speed_only,ETHUSDT,47.485,0,2026-09-01T08:08:00+00:00,2026-09-29T07:43:04.536211+00:00
3,Q3_hybrid,lambda,ETHUSDT,60.144,0,2026-09-01T08:08:00+00:00,2026-09-29T07:43:04.536211+00:00
4,Q3_hybrid,batch_only,ETHUSDT,51.962,60,2026-09-01T08:08:00+00:00,2026-09-29T07:43:04.697098+00:00
4,Q3_hybrid,speed_only,ETHUSDT,45.971,0,2026-09-01T08:08:00+00:00,2026-09-29T07:43:04.697098+00:00
4,Q3_hybrid,lambda,ETHUSDT,62.242,0,2026-09-01T08:08:00+00:00,2026-09-29T07:43:04.697098+00:00
5,Q3_hybrid,batch_only,ETHUSDT,61.594,60,2026-09-01T08:08:00+00:00,2026-09-29T07:43:04.857550+00:00
5,Q3_hybrid,speed_only,ETHUSDT,46.823,0,2026-09-01T08:08:00+00:00,2026-09-29T07:43:04.857550+00:00
5,Q3_hybrid,lambda,ETHUSDT,50.584,0,2026-09-01T08:08:00+00:00,2026-09-29T07:43:04.857550+00:00
6,Q3_hybrid,batch_only,ETHUSDT,53.041,60,2026-09-01T08:08:00+00:00,2026-09-29T07:43:05.016882+00:00
6,Q3_hybrid,speed_only,ETHUSDT,45.099,0,2026-09-01T08:08:00+00:00,2026-09-29T07:43:05.016882+00:00
6,Q3_hybrid,lambda,ETHUSDT,53.709,0,2026-09-01T08:08:00+00:00,2026-09-29T07:43:05.016882+00:00
7,Q3_hybrid,batch_only,ETHUSDT,64.231,60,2026-09-01T08:08:00+00:00,2026-09-29T07:43:05.168921+00:00
7,Q3_hybrid,speed_only,ETHUSDT,62.688,0,2026-09-01T08:08:00+00:00,2026-09-29T07:43:05.168921+00:00
7,Q3_hybrid,lambda,ETHUSDT,50.465,0,2026-09-01T08:08:00+00:00,2026-09-29T07:43:05.168921+00:00
8,Q3_hybrid,batch_only,ETHUSDT,64.549,60,2026-09-01T08:08:00+00:00,2026-09-29T07:43:05.346389+00:00
8,Q3_hybrid,speed_only,ETHUSDT,66.184,0,2026-09-01T08:08:00+00:00,2026-09-29T07:43:05.346389+00:00
8,Q3_hybrid,lambda,ETHUSDT,50.138,0,2026-09-01T08:08:00+00:00,2026-09-29T07:43:05.346389+00:00
9,Q3_hybrid,batch_only,ETHUSDT,53.322,60,2026-09-01T08:08:00+00:00,2026-09-29T07:43:05.527172+00:00
9,Q3_hybrid,speed_only,ETHUSDT,65.381,0,2026-09-01T08:08:00+00:00,2026-09-29T07:43:05.527172+00:00
9,Q3_hybrid,lambda,ETHUSDT,50.292,0,2026-09-01T08:08:00+00:00,2026-09-29T07:43:05.527172+00:00
10,Q3_hybrid,batch_only,ETHUSDT,63.09,60,2026-09-01T08:08:00+00:00,2026-09-29T07:43:05.696645+00:00
10,Q3_hybrid,speed_only,ETHUSDT,56.445,0,2026-09-01T08:08:00+00:00,2026-09-29T07:43:05.696645+00:00
10,Q3_hybrid,lambda,ETHUSDT,63.817,0,2026-09-01T08:08:00+00:00,2026-09-29T07:43:05.696645+00:00
11,Q3_hybrid,batch_only,ETHUSDT,72.561,60,2026-09-01T08:08:00+00:00,2026-09-29T07:43:05.880176+00:00
11,Q3_hybrid,speed_only,ETHUSDT,66.206,0,2026-09-01T08:08:00+00:00,2026-09-29T07:43:05.880176+00:00
11,Q3_hybrid,lambda,ETHUSDT,70.115,0,2026-09-01T08:08:00+00:00,2026-09-29T07:43:05.880176+00:00
12,Q3_hybrid,batch_only,ETHUSDT,94.949,60,2026-09-01T08:08:00+00:00,2026-09-29T07:43:06.089528+00:00
12,Q3_hybrid,speed_only,ETHUSDT,51.785,0,2026-09-01T08:08:00+00:00,2026-09-29T07:43:06.089528+00:00
12,Q3_hybrid,lambda,ETHUSDT,70.444,0,2026-09-01T08:08:00+00:00,2026-09-29T07:43:06.089528+00:00
13,Q3_hybrid,batch_only,ETHUSDT,55.173,60,2026-09-01T08:08:00+00:00,2026-09-29T07:43:06.306654+00:00
13,Q3_hybrid,speed_only,ETHUSDT,65.419,0,2026-09-01T08:08:00+00:00,2026-09-29T07:43:06.306654+00:00
13,Q3_hybrid,lambda,ETHUSDT,63.619,0,2026-09-01T08:08:00+00:00,2026-09-29T07:43:06.306654+00:00
14,Q3_hybrid,batch_only,ETHUSDT,80.856,60,2026-09-01T08:08:00+00:00,2026-09-29T07:43:06.490695+00:00
14,Q3_hybrid,speed_only,ETHUSDT,53.314,0,2026-09-01T08:08:00+00:00,2026-09-29T07:43:06.490695+00:00
14,Q3_hybrid,lambda,ETHUSDT,63.373,0,2026-09-01T08:08:00+00:00,2026-09-29T07:43:06.490695+00:00
15,Q3_hybrid,batch_only,ETHUSDT,57.198,60,2026-09-01T08:08:00+00:00,2026-09-29T07:43:06.688750+00:00
15,Q3_hybrid,speed_only,ETHUSDT,62.979,0,2026-09-01T08:08:00+00:00,2026-09-29T07:43:06.688750+00:00
15,Q3_hybrid,lambda,ETHUSDT,68.028,0,2026-09-01T08:08:00+00:00,2026-09-29T07:43:06.688750+00:00
16,Q3_hybrid,batch_only,ETHUSDT,62.72,60,2026-09-01T08:08:00+00:00,2026-09-29T07:43:06.876831+00:00
16,Q3_hybrid,speed_only,ETHUSDT,59.759,0,2026-09-01T08:08:00+00:00,2026-09-29T07:43:06.876831+00:00
16,Q3_hybrid,lambda,ETHUSDT,57.049,0,2026-09-01T08:08:00+00:00,2026-09-29T07:43:06.876831+00:00
17,Q3_hybrid,batch_only,ETHUSDT,67.393,60,2026-09-01T08:08:00+00:00,2026-09-29T07:43:07.056734+00:00
17,Q3_hybrid,speed_only,ETHUSDT,73.655,0,2026-09-01T08:08:00+00:00,2026-09-29T07:43:07.056734+00:00
17,Q3_hybrid,lambda,ETHUSDT,83.54,0,2026-09-01T08:08:00+00:00,2026-09-29T07:43:07.056734+00:00
18,Q3_hybrid,batch_only,ETHUSDT,60.237,60,2026-09-01T08:08:00+00:00,2026-09-29T07:43:07.280457+00:00
18,Q3_hybrid,speed_only,ETHUSDT,55.091,0,2026-09-01T08:08:00+00:00,2026-09-29T07:43:07.280457+00:00
18,Q3_hybrid,lambda,ETHUSDT,61.766,0,2026-09-01T08:08:00+00:00,2026-09-29T07:43:07.280457+00:00
19,Q3_hybrid,batch_only,ETHUSDT,60.717,60,2026-09-01T08:08:00+00:00,2026-09-29T07:43:07.458284+00:00
19,Q3_hybrid,speed_only,ETHUSDT,56.589,0,2026-09-01T08:08:00+00:00,2026-09-29T07:43:07.458284+00:00
19,Q3_hybrid,lambda,ETHUSDT,54.76,0,2026-09-01T08:08:00+00:00,2026-09-29T07:43:07.458284+00:00
20,Q3_hybrid,batch_only,ETHUSDT,68.782,60,2026-09-01T08:08:00+00:00,2026-09-29T07:43:07.630188+00:00
20,Q3_hybrid,speed_only,ETHUSDT,57.251,0,2026-09-01T08:08:00+00:00,2026-09-29T07:43:07.630188+00:00
20,Q3_hybrid,lambda,ETHUSDT,49.05,0,2026-09-01T08:08:00+00:00,2026-09-29T07:43:07.630188+00:00
21,Q3_hybrid,batch_only,ETHUSDT,70.12,60,2026-09-01T08:08:00+00:00,2026-09-29T07:43:07.806285+00:00
21,Q3_hybrid,speed_only,ETHUSDT,64.149,0,2026-09-01T08:08:00+00:00,2026-09-29T07:43:07.806285+00:00
21,Q3_hybrid,lambda,ETHUSDT,55.124,0,2026-09-01T08:08:00+00:00,2026-09-29T07:43:07.806285+00:00
22,Q3_hybrid,batch_only,ETHUSDT,66.429,60,2026-09-01T08:08:00+00:00,2026-09-29T07:43:07.995102+00:00
22,Q3_hybrid,speed_only,ETHUSDT,56.644,0,2026-09-01T08:08:00+00:00,2026-09-29T07:43:07.995102+00:00
22,Q3_hybrid,lambda,ETHUSDT,47.586,0,2026-09-01T08:08:00+00:00,2026-09-29T07:43:07.995102+00:00
23,Q3_hybrid,batch_only,ETHUSDT,54.151,60,2026-09-01T08:08:00+00:00,2026-09-29T07:43:08.165953+00:00
23,Q3_hybrid,speed_only,ETHUSDT,54.519,0,2026-09-01T08:08:00+00:00,2026-09-29T07:43:08.165953+00:00
23,Q3_hybrid,lambda,ETHUSDT,50.93,0,2026-09-01T08:08:00+00:00,2026-09-29T07:43:08.165953+00:00
24,Q3_hybrid,batch_only,ETHUSDT,63.941,60,2026-09-01T08:08:00+00:00,2026-09-29T07:43:08.325497+00:00
24,Q3_hybrid,speed_only,ETHUSDT,56.826,0,2026-09-01T08:08:00+00:00,2026-09-29T07:43:08.325497+00:00
24,Q3_hybrid,lambda,ETHUSDT,58.514,0,2026-09-01T08:08:00+00:00,2026-09-29T07:43:08.325497+00:00
25,Q3_hybrid,batch_only,ETHUSDT,65.343,60,2026-09-01T08:08:00+00:00,2026-09-29T07:43:08.505114+00:00
25,Q3_hybrid,speed_only,ETHUSDT,87.193,0,2026-09-01T08:08:00+00:00,2026-09-29T07:43:08.505114+00:00
25,Q3_hybrid,lambda,ETHUSDT,51.191,0,2026-09-01T08:08:00+00:00,2026-09-29T07:43:08.505114+00:00
26,Q3_hybrid,batch_only,ETHUSDT,53.799,60,2026-09-01T08:08:00+00:00,2026-09-29T07:43:08.709359+00:00
26,Q3_hybrid,speed_only,ETHUSDT,52.346,0,2026-09-01T08:08:00+00:00,2026-09-29T07:43:08.709359+00:00
26,Q3_hybrid,lambda,ETHUSDT,49.994,0,2026-09-01T08:08:00+00:00,2026-09-29T07:43:08.709359+00:00
27,Q3_hybrid,batch_only,ETHUSDT,54.515,60,2026-09-01T08:08:00+00:00,2026-09-29T07:43:08.865544+00:00
27,Q3_hybrid,speed_only,ETHUSDT,54.998,0,2026-09-01T08:08:00+00:00,2026-09-29T07:43:08.865544+00:00
27,Q3_hybrid,lambda,ETHUSDT,50.465,0,2026-09-01T08:08:00+00:00,2026-09-29T07:43:08.865544+00:00
28,Q3_hybrid,batch_only,ETHUSDT,64.586,60,2026-09-01T08:08:00+00:00,2026-09-29T07:43:09.025643+00:00
28,Q3_hybrid,speed_only,ETHUSDT,64.566,0,2026-09-01T08:08:00+00:00,2026-09-29T07:43:09.025643+00:00
28,Q3_hybrid,lambda,ETHUSDT,50.288,0,2026-09-01T08:08:00+00:00,2026-09-29T07:43:09.025643+00:00
29,Q3_hybrid,batch_only,ETHUSDT,55.608,60,2026-09-01T08:08:00+00:00,2026-09-29T07:43:09.204802+00:00
29,Q3_hybrid,speed_only,ETHUSDT,54.367,0,2026-09-01T08:08:00+00:00,2026-09-29T07:43:09.204802+00:00
29,Q3_hybrid,lambda,ETHUSDT,62.378,0,2026-09-01T08:08:00+00:00,2026-09-29T07:43:09.204802+00:00
30,Q3_hybrid,batch_only,ETHUSDT,62.246,60,2026-09-01T08:08:00+00:00,2026-09-29T07:43:09.376930+00:00
30,Q3_hybrid,speed_only,ETHUSDT,57.303,0,2026-09-01T08:08:00+00:00,2026-09-29T07:43:09.376930+00:00
30,Q3_hybrid,lambda,ETHUSDT,47.912,0,2026-09-01T08:08:00+00:00,2026-09-29T07:43:09.376930+00:00
1,Q1_historical,batch_only,BTCUSDT,94.48,0,2026-09-28T13:27:14.849975+00:00,2026-09-29T13:27:14.992040+00:00
1,Q1_historical,speed_only,BTCUSDT,62.045,0,2026-09-28T13:27:14.849975+00:00,2026-09-29T13:27:14.992040+00:00
1,Q1_historical,lambda,BTCUSDT,65.06,0,2026-09-28T13:27:14.849975+00:00,2026-09-29T13:27:14.992040+00:00
2,Q1_historical,batch_only,BTCUSDT,52.48,0,2026-09-28T13:27:14.849975+00:00,2026-09-29T13:27:15.214044+00:00
2,Q1_historical,speed_only,BTCUSDT,58.775,0,2026-09-28T13:27:14.849975+00:00,2026-09-29T13:27:15.214044+00:00
2,Q1_historical,lambda,BTCUSDT,72.189,0,2026-09-28T13:27:14.849975+00:00,2026-09-29T13:27:15.214044+00:00
3,Q1_historical,batch_only,BTCUSDT,57.711,0,2026-09-28T13:27:14.849975+00:00,2026-09-29T13:27:15.395823+00:00
3,Q1_historical,speed_only,BTCUSDT,51.22,0,2026-09-28T13:27:14.849975+00:00,2026-09-29T13:27:15.395823+00:00
3,Q1_historical,lambda,BTCUSDT,67.784,0,2026-09-28T13:27:14.849975+00:00,2026-09-29T13:27:15.395823+00:00
4,Q1_historical,batch_only,BTCUSDT,50.547,0,2026-09-28T13:27:14.849975+00:00,2026-09-29T13:27:15.574375+00:00
4,Q1_historical,speed_only,BTCUSDT,59.874,0,2026-09-28T13:27:14.849975+00:00,2026-09-29T13:27:15.574375+00:00
4,Q1_historical,lambda,BTCUSDT,50.452,0,2026-09-28T13:27:14.849975+00:00,2026-09-29T13:27:15.574375+00:00
5,Q1_historical,batch_only,BTCUSDT,58.666,0,2026-09-28T13:27:14.849975+00:00,2026-09-29T13:27:15.735587+00:00
5,Q1_historical,speed_only,BTCUSDT,59.129,0,2026-09-28T13:27:14.849975+00:00,2026-09-29T13:27:15.735587+00:00
5,Q1_historical,lambda,BTCUSDT,61.457,0,2026-09-28T13:27:14.849975+00:00,2026-09-29T13:27:15.735587+00:00
1,Q2_realtime,batch_only,BTCUSDT,49.53,0,2026-09-28T13:27:14.849975+00:00,2026-09-29T13:27:15.914129+00:00
1,Q2_realtime,speed_only,BTCUSDT,58.23,0,2026-09-28T13:27:14.849975+00:00,2026-09-29T13:27:15.914129+00:00
1,Q2_realtime,lambda,BTCUSDT,60.025,0,2026-09-28T13:27:14.849975+00:00,2026-09-29T13:27:15.914129+00:00
2,Q2_realtime,batch_only,BTCUSDT,61.12,0,2026-09-28T13:27:14.849975+00:00,2026-09-29T13:27:16.080074+00:00
2,Q2_realtime,speed_only,BTCUSDT,48.994,0,2026-09-28T13:27:14.849975+00:00,2026-09-29T13:27:16.080074+00:00
2,Q2_realtime,lambda,BTCUSDT,60.733,0,2026-09-28T13:27:14.849975+00:00,2026-09-29T13:27:16.080074+00:00
3,Q2_realtime,batch_only,BTCUSDT,64.255,0,2026-09-28T13:27:14.849975+00:00,2026-09-29T13:27:16.252017+00:00
3,Q2_realtime,speed_only,BTCUSDT,65.218,0,2026-09-28T13:27:14.849975+00:00,2026-09-29T13:27:16.252017+00:00
3,Q2_realtime,lambda,BTCUSDT,49.202,0,2026-09-28T13:27:14.849975+00:00,2026-09-29T13:27:16.252017+00:00
4,Q2_realtime,batch_only,BTCUSDT,50.995,0,2026-09-28T13:27:14.849975+00:00,2026-09-29T13:27:16.430181+00:00
4,Q2_realtime,speed_only,BTCUSDT,59.148,0,2026-09-28T13:27:14.849975+00:00,2026-09-29T13:27:16.430181+00:00
4,Q2_realtime,lambda,BTCUSDT,49.743,0,2026-09-28T13:27:14.849975+00:00,2026-09-29T13:27:16.430181+00:00
5,Q2_realtime,batch_only,BTCUSDT,584.735,0,2026-09-28T13:27:14.849975+00:00,2026-09-29T13:27:16.590182+00:00
5,Q2_realtime,speed_only,BTCUSDT,21.259,0,2026-09-28T13:27:14.849975+00:00,2026-09-29T13:27:16.590182+00:00
5,Q2_realtime,lambda,BTCUSDT,444.734,0,2026-09-28T13:27:14.849975+00:00,2026-09-29T13:27:16.590182+00:00
1,Q3_hybrid,batch_only,BTCUSDT,73.426,0,2026-09-28T13:27:14.849975+00:00,2026-09-29T13:27:17.643475+00:00
1,Q3_hybrid,speed_only,BTCUSDT,57.653,0,2026-09-28T13:27:14.849975+00:00,2026-09-29T13:27:17.643475+00:00
1,Q3_hybrid,lambda,BTCUSDT,59.787,0,2026-09-28T13:27:14.849975+00:00,2026-09-29T13:27:17.643475+00:00
2,Q3_hybrid,batch_only,BTCUSDT,171.372,0,2026-09-28T13:27:14.849975+00:00,2026-09-29T13:27:17.835043+00:00
2,Q3_hybrid,speed_only,BTCUSDT,247.596,0,2026-09-28T13:27:14.849975+00:00,2026-09-29T13:27:17.835043+00:00
2,Q3_hybrid,lambda,BTCUSDT,84.121,0,2026-09-28T13:27:14.849975+00:00,2026-09-29T13:27:17.835043+00:00
3,Q3_hybrid,batch_only,BTCUSDT,65.231,0,2026-09-28T13:27:14.849975+00:00,2026-09-29T13:27:18.337858+00:00
3,Q3_hybrid,speed_only,BTCUSDT,70.36,0,2026-09-28T13:27:14.849975+00:00,2026-09-29T13:27:18.337858+00:00
3,Q3_hybrid,lambda,BTCUSDT,66.541,0,2026-09-28T13:27:14.849975+00:00,2026-09-29T13:27:18.337858+00:00
4,Q3_hybrid,batch_only,BTCUSDT,66.605,0,2026-09-28T13:27:14.849975+00:00,2026-09-29T13:27:18.540328+00:00
4,Q3_hybrid,speed_only,BTCUSDT,56.62,0,2026-09-28T13:27:14.849975+00:00,2026-09-29T13:27:18.540328+00:00
4,Q3_hybrid,lambda,BTCUSDT,514.612,0,2026-09-28T13:27:14.849975+00:00,2026-09-29T13:27:18.540328+00:00
5,Q3_hybrid,batch_only,BTCUSDT,65.297,0,2026-09-28T13:27:14.849975+00:00,2026-09-29T13:27:19.179078+00:00
5,Q3_hybrid,speed_only,BTCUSDT,59.518,0,2026-09-28T13:27:14.849975+00:00,2026-09-29T13:27:19.179078+00:00
5,Q3_hybrid,lambda,BTCUSDT,354.397,0,2026-09-28T13:27:14.849975+00:00,2026-09-29T13:27:19.179078+00:00
1,Q1_historical,batch_only,ETHUSDT,124.366,0,2026-09-28T13:27:14.849975+00:00,2026-09-29T13:27:19.658943+00:00
1,Q1_historical,speed_only,ETHUSDT,170.13,0,2026-09-28T13:27:14.849975+00:00,2026-09-29T13:27:19.658943+00:00
1,Q1_historical,lambda,ETHUSDT,60.677,0,2026-09-28T13:27:14.849975+00:00,2026-09-29T13:27:19.658943+00:00
2,Q1_historical,batch_only,ETHUSDT,52.242,0,2026-09-28T13:27:14.849975+00:00,2026-09-29T13:27:20.014108+00:00
2,Q1_historical,speed_only,ETHUSDT,56.912,0,2026-09-28T13:27:14.849975+00:00,2026-09-29T13:27:20.014108+00:00
2,Q1_historical,lambda,ETHUSDT,61.76,0,2026-09-28T13:27:14.849975+00:00,2026-09-29T13:27:20.014108+00:00
3,Q1_historical,batch_only,ETHUSDT,60.496,0,2026-09-28T13:27:14.849975+00:00,2026-09-29T13:27:20.185639+00:00
3,Q1_historical,speed_only,ETHUSDT,58.366,0,2026-09-28T13:27:14.849975+00:00,2026-09-29T13:27:20.185639+00:00
3,Q1_historical,lambda,ETHUSDT,61.529,0,2026-09-28T13:27:14.849975+00:00,2026-09-29T13:27:20.185639+00:00
4,Q1_historical,batch_only,ETHUSDT,61.303,0,2026-09-28T13:27:14.849975+00:00,2026-09-29T13:27:20.365085+00:00
4,Q1_historical,speed_only,ETHUSDT,72.062,0,2026-09-28T13:27:14.849975+00:00,2026-09-29T13:27:20.365085+00:00
4,Q1_historical,lambda,ETHUSDT,70.142,0,2026-09-28T13:27:14.849975+00:00,2026-09-29T13:27:20.365085+00:00
5,Q1_historical,batch_only,ETHUSDT,77.532,0,2026-09-28T13:27:14.849975+00:00,2026-09-29T13:27:20.569667+00:00
5,Q1_historical,speed_only,ETHUSDT,56.6,0,2026-09-28T13:27:14.849975+00:00,2026-09-29T13:27:20.569667+00:00
5,Q1_historical,lambda,ETHUSDT,50.687,0,2026-09-28T13:27:14.849975+00:00,2026-09-29T13:27:20.569667+00:00
1,Q2_realtime,batch_only,ETHUSDT,49.196,0,2026-09-28T13:27:14.849975+00:00,2026-09-29T13:27:20.755573+00:00
1,Q2_realtime,speed_only,ETHUSDT,61.535,0,2026-09-28T13:27:14.849975+00:00,2026-09-29T13:27:20.755573+00:00
1,Q2_realtime,lambda,ETHUSDT,57.813,0,2026-09-28T13:27:14.849975+00:00,2026-09-29T13:27:20.755573+00:00
2,Q2_realtime,batch_only,ETHUSDT,61.449,0,2026-09-28T13:27:14.849975+00:00,2026-09-29T13:27:20.922050+00:00
2,Q2_realtime,speed_only,ETHUSDT,47.483,0,2026-09-28T13:27:14.849975+00:00,2026-09-29T13:27:20.922050+00:00
2,Q2_realtime,lambda,ETHUSDT,61.61,0,2026-09-28T13:27:14.849975+00:00,2026-09-29T13:27:20.922050+00:00
3,Q2_realtime,batch_only,ETHUSDT,53.957,0,2026-09-28T13:27:14.849975+00:00,2026-09-29T13:27:21.092893+00:00
3,Q2_realtime,speed_only,ETHUSDT,58.542,0,2026-09-28T13:27:14.849975+00:00,2026-09-29T13:27:21.092893+00:00
3,Q2_realtime,lambda,ETHUSDT,70.008,0,2026-09-28T13:27:14.849975+00:00,2026-09-29T13:27:21.092893+00:00
4,Q2_realtime,batch_only,ETHUSDT,64.8,0,2026-09-28T13:27:14.849975+00:00,2026-09-29T13:27:21.277380+00:00
4,Q2_realtime,speed_only,ETHUSDT,52.967,0,2026-09-28T13:27:14.849975+00:00,2026-09-29T13:27:21.277380+00:00
4,Q2_realtime,lambda,ETHUSDT,72.523,0,2026-09-28T13:27:14.849975+00:00,2026-09-29T13:27:21.277380+00:00
5,Q2_realtime,batch_only,ETHUSDT,71.776,0,2026-09-28T13:27:14.849975+00:00,2026-09-29T13:27:21.467720+00:00
5,Q2_realtime,speed_only,ETHUSDT,58.423,0,2026-09-28T13:27:14.849975+00:00,2026-09-29T13:27:21.467720+00:00
5,Q2_realtime,lambda,ETHUSDT,61.676,0,2026-09-28T13:27:14.849975+00:00,2026-09-29T13:27:21.467720+00:00
1,Q3_hybrid,batch_only,ETHUSDT,53.774,0,2026-09-28T13:27:14.849975+00:00,2026-09-29T13:27:21.661576+00:00
1,Q3_hybrid,speed_only,ETHUSDT,58.639,0,2026-09-28T13:27:14.849975+00:00,2026-09-29T13:27:21.661576+00:00
1,Q3_hybrid,lambda,ETHUSDT,60.522,0,2026-09-28T13:27:14.849975+00:00,2026-09-29T13:27:21.661576+00:00
2,Q3_hybrid,batch_only,ETHUSDT,53.707,0,2026-09-28T13:27:14.849975+00:00,2026-09-29T13:27:21.829938+00:00
2,Q3_hybrid,speed_only,ETHUSDT,69.168,0,2026-09-28T13:27:14.849975+00:00,2026-09-29T13:27:21.829938+00:00
2,Q3_hybrid,lambda,ETHUSDT,57.482,0,2026-09-28T13:27:14.849975+00:00,2026-09-29T13:27:21.829938+00:00
3,Q3_hybrid,batch_only,ETHUSDT,51.818,0,2026-09-28T13:27:14.849975+00:00,2026-09-29T13:27:22.013513+00:00
3,Q3_hybrid,speed_only,ETHUSDT,60.455,0,2026-09-28T13:27:14.849975+00:00,2026-09-29T13:27:22.013513+00:00
3,Q3_hybrid,lambda,ETHUSDT,67.266,0,2026-09-28T13:27:14.849975+00:00,2026-09-29T13:27:22.013513+00:00
4,Q3_hybrid,batch_only,ETHUSDT,50.885,0,2026-09-28T13:27:14.849975+00:00,2026-09-29T13:27:22.194714+00:00
4,Q3_hybrid,speed_only,ETHUSDT,71.13,0,2026-09-28T13:27:14.849975+00:00,2026-09-29T13:27:22.194714+00:00
4,Q3_hybrid,lambda,ETHUSDT,58.227,0,2026-09-28T13:27:14.849975+00:00,2026-09-29T13:27:22.194714+00:00
5,Q3_hybrid,batch_only,ETHUSDT,76.379,0,2026-09-28T13:27:14.849975+00:00,2026-09-29T13:27:22.374915+00:00
5,Q3_hybrid,speed_only,ETHUSDT,64.026,0,2026-09-28T13:27:14.849975+00:00,2026-09-29T13:27:22.374915+00:00
5,Q3_hybrid,lambda,ETHUSDT,59.436,0,2026-09-28T13:27:14.849975+00:00,2026-09-29T13:27:22.374915+00:00
1,Q1_historical,batch_only,SOLUSDT,60.247,0,2026-09-28T13:27:14.849975+00:00,2026-09-29T13:27:22.576492+00:00
1,Q1_historical,speed_only,SOLUSDT,59.55,0,2026-09-28T13:27:14.849975+00:00,2026-09-29T13:27:22.576492+00:00
1,Q1_historical,lambda,SOLUSDT,60.298,0,2026-09-28T13:27:14.849975+00:00,2026-09-29T13:27:22.576492+00:00
2,Q1_historical,batch_only,SOLUSDT,61.999,0,2026-09-28T13:27:14.849975+00:00,2026-09-29T13:27:22.753557+00:00
2,Q1_historical,speed_only,SOLUSDT,64.829,0,2026-09-28T13:27:14.849975+00:00,2026-09-29T13:27:22.753557+00:00
2,Q1_historical,lambda,SOLUSDT,61.071,0,2026-09-28T13:27:14.849975+00:00,2026-09-29T13:27:22.753557+00:00
3,Q1_historical,batch_only,SOLUSDT,49.685,0,2026-09-28T13:27:14.849975+00:00,2026-09-29T13:27:22.944607+00:00
3,Q1_historical,speed_only,SOLUSDT,49.501,0,2026-09-28T13:27:14.849975+00:00,2026-09-29T13:27:22.944607+00:00
3,Q1_historical,lambda,SOLUSDT,69.695,0,2026-09-28T13:27:14.849975+00:00,2026-09-29T13:27:22.944607+00:00
4,Q1_historical,batch_only,SOLUSDT,69.533,0,2026-09-28T13:27:14.849975+00:00,2026-09-29T13:27:23.111682+00:00
4,Q1_historical,speed_only,SOLUSDT,49.025,0,2026-09-28T13:27:14.849975+00:00,2026-09-29T13:27:23.111682+00:00
4,Q1_historical,lambda,SOLUSDT,61.97,0,2026-09-28T13:27:14.849975+00:00,2026-09-29T13:27:23.111682+00:00
5,Q1_historical,batch_only,SOLUSDT,61.647,0,2026-09-28T13:27:14.849975+00:00,2026-09-29T13:27:23.293245+00:00
5,Q1_historical,speed_only,SOLUSDT,57.212,0,2026-09-28T13:27:14.849975+00:00,2026-09-29T13:27:23.293245+00:00
5,Q1_historical,lambda,SOLUSDT,62.268,0,2026-09-28T13:27:14.849975+00:00,2026-09-29T13:27:23.293245+00:00
1,Q2_realtime,batch_only,SOLUSDT,747.465,0,2026-09-28T13:27:14.849975+00:00,2026-09-29T13:27:23.476774+00:00
1,Q2_realtime,speed_only,SOLUSDT,89.849,0,2026-09-28T13:27:14.849975+00:00,2026-09-29T13:27:23.476774+00:00
1,Q2_realtime,lambda,SOLUSDT,68.538,0,2026-09-28T13:27:14.849975+00:00,2026-09-29T13:27:23.476774+00:00
2,Q2_realtime,batch_only,SOLUSDT,52.497,0,2026-09-28T13:27:14.849975+00:00,2026-09-29T13:27:24.382884+00:00
2,Q2_realtime,speed_only,SOLUSDT,60.031,0,2026-09-28T13:27:14.849975+00:00,2026-09-29T13:27:24.382884+00:00
2,Q2_realtime,lambda,SOLUSDT,58.825,0,2026-09-28T13:27:14.849975+00:00,2026-09-29T13:27:24.382884+00:00
3,Q2_realtime,batch_only,SOLUSDT,49.742,0,2026-09-28T13:27:14.849975+00:00,2026-09-29T13:27:24.554035+00:00
3,Q2_realtime,speed_only,SOLUSDT,58.976,0,2026-09-28T13:27:14.849975+00:00,2026-09-29T13:27:24.554035+00:00
3,Q2_realtime,lambda,SOLUSDT,60.035,0,2026-09-28T13:27:14.849975+00:00,2026-09-29T13:27:24.554035+00:00
4,Q2_realtime,batch_only,SOLUSDT,62.061,0,2026-09-28T13:27:14.849975+00:00,2026-09-29T13:27:24.720171+00:00
4,Q2_realtime,speed_only,SOLUSDT,48.942,0,2026-09-28T13:27:14.849975+00:00,2026-09-29T13:27:24.720171+00:00
4,Q2_realtime,lambda,SOLUSDT,59.936,0,2026-09-28T13:27:14.849975+00:00,2026-09-29T13:27:24.720171+00:00
5,Q2_realtime,batch_only,SOLUSDT,50.269,0,2026-09-28T13:27:14.849975+00:00,2026-09-29T13:27:24.892158+00:00
5,Q2_realtime,speed_only,SOLUSDT,51.662,0,2026-09-28T13:27:14.849975+00:00,2026-09-29T13:27:24.892158+00:00
5,Q2_realtime,lambda,SOLUSDT,66.924,0,2026-09-28T13:27:14.849975+00:00,2026-09-29T13:27:24.892158+00:00
1,Q3_hybrid,batch_only,SOLUSDT,60.854,0,2026-09-28T13:27:14.849975+00:00,2026-09-29T13:27:25.063707+00:00
1,Q3_hybrid,speed_only,SOLUSDT,68.821,0,2026-09-28T13:27:14.849975+00:00,2026-09-29T13:27:25.063707+00:00
1,Q3_hybrid,lambda,SOLUSDT,60.089,0,2026-09-28T13:27:14.849975+00:00,2026-09-29T13:27:25.063707+00:00
2,Q3_hybrid,batch_only,SOLUSDT,53.26,0,2026-09-28T13:27:14.849975+00:00,2026-09-29T13:27:25.250424+00:00
2,Q3_hybrid,speed_only,SOLUSDT,56.813,0,2026-09-28T13:27:14.849975+00:00,2026-09-29T13:27:25.250424+00:00
2,Q3_hybrid,lambda,SOLUSDT,109.163,0,2026-09-28T13:27:14.849975+00:00,2026-09-29T13:27:25.250424+00:00
3,Q3_hybrid,batch_only,SOLUSDT,52.552,0,2026-09-28T13:27:14.849975+00:00,2026-09-29T13:27:25.473020+00:00
3,Q3_hybrid,speed_only,SOLUSDT,68.809,0,2026-09-28T13:27:14.849975+00:00,2026-09-29T13:27:25.473020+00:00
3,Q3_hybrid,lambda,SOLUSDT,122.04,0,2026-09-28T13:27:14.849975+00:00,2026-09-29T13:27:25.473020+00:00
4,Q3_hybrid,batch_only,SOLUSDT,63.26,0,2026-09-28T13:27:14.849975+00:00,2026-09-29T13:27:25.717040+00:00
4,Q3_hybrid,speed_only,SOLUSDT,63.503,0,2026-09-28T13:27:14.849975+00:00,2026-09-29T13:27:25.717040+00:00
4,Q3_hybrid,lambda,SOLUSDT,60.848,0,2026-09-28T13:27:14.849975+00:00,2026-09-29T13:27:25.717040+00:00
5,Q3_hybrid,batch_only,SOLUSDT,50.439,0,2026-09-28T13:27:14.849975+00:00,2026-09-29T13:27:25.904929+00:00
5,Q3_hybrid,speed_only,SOLUSDT,47.367,0,2026-09-28T13:27:14.849975+00:00,2026-09-29T13:27:25.904929+00:00
5,Q3_hybrid,lambda,SOLUSDT,54.374,0,2026-09-28T13:27:14.849975+00:00,2026-09-29T13:27:25.904929+00:00
1,Q1_historical,batch_only,BNBUSDT,59.434,0,2026-09-28T13:27:14.849975+00:00,2026-09-29T13:27:26.057918+00:00
1,Q1_historical,speed_only,BNBUSDT,59.999,0,2026-09-28T13:27:14.849975+00:00,2026-09-29T13:27:26.057918+00:00
1,Q1_historical,lambda,BNBUSDT,75.621,0,2026-09-28T13:27:14.849975+00:00,2026-09-29T13:27:26.057918+00:00
2,Q1_historical,batch_only,BNBUSDT,65.241,0,2026-09-28T13:27:14.849975+00:00,2026-09-29T13:27:26.250250+00:00
2,Q1_historical,speed_only,BNBUSDT,59.312,0,2026-09-28T13:27:14.849975+00:00,2026-09-29T13:27:26.250250+00:00
2,Q1_historical,lambda,BNBUSDT,61.114,0,2026-09-28T13:27:14.849975+00:00,2026-09-29T13:27:26.250250+00:00
3,Q1_historical,batch_only,BNBUSDT,58.779,0,2026-09-28T13:27:14.849975+00:00,2026-09-29T13:27:26.437358+00:00
3,Q1_historical,speed_only,BNBUSDT,58.971,0,2026-09-28T13:27:14.849975+00:00,2026-09-29T13:27:26.437358+00:00
3,Q1_historical,lambda,BNBUSDT,61.631,0,2026-09-28T13:27:14.849975+00:00,2026-09-29T13:27:26.437358+00:00
4,Q1_historical,batch_only,BNBUSDT,69.263,0,2026-09-28T13:27:14.849975+00:00,2026-09-29T13:27:26.616030+00:00
4,Q1_historical,speed_only,BNBUSDT,57.951,0,2026-09-28T13:27:14.849975+00:00,2026-09-29T13:27:26.616030+00:00
4,Q1_historical,lambda,BNBUSDT,58.488,0,2026-09-28T13:27:14.849975+00:00,2026-09-29T13:27:26.616030+00:00
5,Q1_historical,batch_only,BNBUSDT,49.539,0,2026-09-28T13:27:14.849975+00:00,2026-09-29T13:27:26.800090+00:00
5,Q1_historical,speed_only,BNBUSDT,59.904,0,2026-09-28T13:27:14.849975+00:00,2026-09-29T13:27:26.800090+00:00
5,Q1_historical,lambda,BNBUSDT,50.47,0,2026-09-28T13:27:14.849975+00:00,2026-09-29T13:27:26.800090+00:00
1,Q2_realtime,batch_only,BNBUSDT,59.576,0,2026-09-28T13:27:14.849975+00:00,2026-09-29T13:27:26.962128+00:00
1,Q2_realtime,speed_only,BNBUSDT,50.491,0,2026-09-28T13:27:14.849975+00:00,2026-09-29T13:27:26.962128+00:00
1,Q2_realtime,lambda,BNBUSDT,68.553,0,2026-09-28T13:27:14.849975+00:00,2026-09-29T13:27:26.962128+00:00
2,Q2_realtime,batch_only,BNBUSDT,70.749,0,2026-09-28T13:27:14.849975+00:00,2026-09-29T13:27:27.142129+00:00
2,Q2_realtime,speed_only,BNBUSDT,59.981,0,2026-09-28T13:27:14.849975+00:00,2026-09-29T13:27:27.142129+00:00
2,Q2_realtime,lambda,BNBUSDT,52.892,0,2026-09-28T13:27:14.849975+00:00,2026-09-29T13:27:27.142129+00:00
3,Q2_realtime,batch_only,BNBUSDT,57.115,0,2026-09-28T13:27:14.849975+00:00,2026-09-29T13:27:27.327172+00:00
3,Q2_realtime,speed_only,BNBUSDT,48.444,0,2026-09-28T13:27:14.849975+00:00,2026-09-29T13:27:27.327172+00:00
3,Q2_realtime,lambda,BNBUSDT,50.008,0,2026-09-28T13:27:14.849975+00:00,2026-09-29T13:27:27.327172+00:00
4,Q2_realtime,batch_only,BNBUSDT,61.973,0,2026-09-28T13:27:14.849975+00:00,2026-09-29T13:27:27.480331+00:00
4,Q2_realtime,speed_only,BNBUSDT,71.111,0,2026-09-28T13:27:14.849975+00:00,2026-09-29T13:27:27.480331+00:00
4,Q2_realtime,lambda,BNBUSDT,67.503,0,2026-09-28T13:27:14.849975+00:00,2026-09-29T13:27:27.480331+00:00
5,Q2_realtime,batch_only,BNBUSDT,61.842,0,2026-09-28T13:27:14.849975+00:00,2026-09-29T13:27:27.680025+00:00
5,Q2_realtime,speed_only,BNBUSDT,57.502,0,2026-09-28T13:27:14.849975+00:00,2026-09-29T13:27:27.680025+00:00
5,Q2_realtime,lambda,BNBUSDT,49.58,0,2026-09-28T13:27:14.849975+00:00,2026-09-29T13:27:27.680025+00:00
1,Q3_hybrid,batch_only,BNBUSDT,88.137,0,2026-09-28T13:27:14.849975+00:00,2026-09-29T13:27:27.853802+00:00
1,Q3_hybrid,speed_only,BNBUSDT,58.4,0,2026-09-28T13:27:14.849975+00:00,2026-09-29T13:27:27.853802+00:00
1,Q3_hybrid,lambda,BNBUSDT,144.787,0,2026-09-28T13:27:14.849975+00:00,2026-09-29T13:27:27.853802+00:00
2,Q3_hybrid,batch_only,BNBUSDT,85.837,0,2026-09-28T13:27:14.849975+00:00,2026-09-29T13:27:28.145729+00:00
2,Q3_hybrid,speed_only,BNBUSDT,49.547,0,2026-09-28T13:27:14.849975+00:00,2026-09-29T13:27:28.145729+00:00
2,Q3_hybrid,lambda,BNBUSDT,49.531,0,2026-09-28T13:27:14.849975+00:00,2026-09-29T13:27:28.145729+00:00
3,Q3_hybrid,batch_only,BNBUSDT,51.986,0,2026-09-28T13:27:14.849975+00:00,2026-09-29T13:27:28.330414+00:00
3,Q3_hybrid,speed_only,BNBUSDT,69.112,0,2026-09-28T13:27:14.849975+00:00,2026-09-29T13:27:28.330414+00:00
3,Q3_hybrid,lambda,BNBUSDT,70.559,0,2026-09-28T13:27:14.849975+00:00,2026-09-29T13:27:28.330414+00:00
4,Q3_hybrid,batch_only,BNBUSDT,50.517,0,2026-09-28T13:27:14.849975+00:00,2026-09-29T13:27:28.524605+00:00
4,Q3_hybrid,speed_only,BNBUSDT,58.933,0,2026-09-28T13:27:14.849975+00:00,2026-09-29T13:27:28.524605+00:00
4,Q3_hybrid,lambda,BNBUSDT,68.459,0,2026-09-28T13:27:14.849975+00:00,2026-09-29T13:27:28.524605+00:00
5,Q3_hybrid,batch_only,BNBUSDT,51.084,0,2026-09-28T13:27:14.849975+00:00,2026-09-29T13:27:28.700016+00:00
5,Q3_hybrid,speed_only,BNBUSDT,59.577,0,2026-09-28T13:27:14.849975+00:00,2026-09-29T13:27:28.700016+00:00
5,Q3_hybrid,lambda,BNBUSDT,60.385,0,2026-09-28T13:27:14.849975+00:00,2026-09-29T13:27:28.700016+00:00
1,Q1_historical,batch_only,XRPUSDT,58.787,0,2026-09-28T13:27:14.849975+00:00,2026-09-29T13:27:28.875865+00:00
1,Q1_historical,speed_only,XRPUSDT,58.649,0,2026-09-28T13:27:14.849975+00:00,2026-09-29T13:27:28.875865+00:00
1,Q1_historical,lambda,XRPUSDT,50.88,0,2026-09-28T13:27:14.849975+00:00,2026-09-29T13:27:28.875865+00:00
2,Q1_historical,batch_only,XRPUSDT,59.326,0,2026-09-28T13:27:14.849975+00:00,2026-09-29T13:27:29.042972+00:00
2,Q1_historical,speed_only,XRPUSDT,69.791,0,2026-09-28T13:27:14.849975+00:00,2026-09-29T13:27:29.042972+00:00
2,Q1_historical,lambda,XRPUSDT,65.627,0,2026-09-28T13:27:14.849975+00:00,2026-09-29T13:27:29.042972+00:00
3,Q1_historical,batch_only,XRPUSDT,54.682,0,2026-09-28T13:27:14.849975+00:00,2026-09-29T13:27:29.236215+00:00
3,Q1_historical,speed_only,XRPUSDT,68.654,0,2026-09-28T13:27:14.849975+00:00,2026-09-29T13:27:29.236215+00:00
3,Q1_historical,lambda,XRPUSDT,88.2,0,2026-09-28T13:27:14.849975+00:00,2026-09-29T13:27:29.236215+00:00
4,Q1_historical,batch_only,XRPUSDT,83.952,0,2026-09-28T13:27:14.849975+00:00,2026-09-29T13:27:29.450884+00:00
4,Q1_historical,speed_only,XRPUSDT,64.008,0,2026-09-28T13:27:14.849975+00:00,2026-09-29T13:27:29.450884+00:00
4,Q1_historical,lambda,XRPUSDT,72.169,0,2026-09-28T13:27:14.849975+00:00,2026-09-29T13:27:29.450884+00:00
5,Q1_historical,batch_only,XRPUSDT,127.013,0,2026-09-28T13:27:14.849975+00:00,2026-09-29T13:27:29.670772+00:00
5,Q1_historical,speed_only,XRPUSDT,72.168,0,2026-09-28T13:27:14.849975+00:00,2026-09-29T13:27:29.670772+00:00
5,Q1_historical,lambda,XRPUSDT,78.399,0,2026-09-28T13:27:14.849975+00:00,2026-09-29T13:27:29.670772+00:00
1,Q2_realtime,batch_only,XRPUSDT,528.064,0,2026-09-28T13:27:14.849975+00:00,2026-09-29T13:27:29.949173+00:00
1,Q2_realtime,speed_only,XRPUSDT,231.773,0,2026-09-28T13:27:14.849975+00:00,2026-09-29T13:27:29.949173+00:00
1,Q2_realtime,lambda,XRPUSDT,63.589,0,2026-09-28T13:27:14.849975+00:00,2026-09-29T13:27:29.949173+00:00
2,Q2_realtime,batch_only,XRPUSDT,60.082,0,2026-09-28T13:27:14.849975+00:00,2026-09-29T13:27:30.773179+00:00
2,Q2_realtime,speed_only,XRPUSDT,59.416,0,2026-09-28T13:27:14.849975+00:00,2026-09-29T13:27:30.773179+00:00
2,Q2_realtime,lambda,XRPUSDT,49.601,0,2026-09-28T13:27:14.849975+00:00,2026-09-29T13:27:30.773179+00:00
3,Q2_realtime,batch_only,XRPUSDT,61.875,0,2026-09-28T13:27:14.849975+00:00,2026-09-29T13:27:30.942571+00:00
3,Q2_realtime,speed_only,XRPUSDT,49.41,0,2026-09-28T13:27:14.849975+00:00,2026-09-29T13:27:30.942571+00:00
3,Q2_realtime,lambda,XRPUSDT,48.574,0,2026-09-28T13:27:14.849975+00:00,2026-09-29T13:27:30.942571+00:00
4,Q2_realtime,batch_only,XRPUSDT,51.933,0,2026-09-28T13:27:14.849975+00:00,2026-09-29T13:27:31.102428+00:00
4,Q2_realtime,speed_only,XRPUSDT,49.433,0,2026-09-28T13:27:14.849975+00:00,2026-09-29T13:27:31.102428+00:00
4,Q2_realtime,lambda,XRPUSDT,49.893,0,2026-09-28T13:27:14.849975+00:00,2026-09-29T13:27:31.102428+00:00
5,Q2_realtime,batch_only,XRPUSDT,60.665,0,2026-09-28T13:27:14.849975+00:00,2026-09-29T13:27:31.253777+00:00
5,Q2_realtime,speed_only,XRPUSDT,58.787,0,2026-09-28T13:27:14.849975+00:00,2026-09-29T13:27:31.253777+00:00
5,Q2_realtime,lambda,XRPUSDT,58.849,0,2026-09-28T13:27:14.849975+00:00,2026-09-29T13:27:31.253777+00:00
1,Q3_hybrid,batch_only,XRPUSDT,50.917,0,2026-09-28T13:27:14.849975+00:00,2026-09-29T13:27:31.433148+00:00
1,Q3_hybrid,speed_only,XRPUSDT,59.389,0,2026-09-28T13:27:14.849975+00:00,2026-09-29T13:27:31.433148+00:00
1,Q3_hybrid,lambda,XRPUSDT,60.292,0,2026-09-28T13:27:14.849975+00:00,2026-09-29T13:27:31.433148+00:00
2,Q3_hybrid,batch_only,XRPUSDT,52.777,0,2026-09-28T13:27:14.849975+00:00,2026-09-29T13:27:31.603201+00:00
2,Q3_hybrid,speed_only,XRPUSDT,57.27,0,2026-09-28T13:27:14.849975+00:00,2026-09-29T13:27:31.603201+00:00
2,Q3_hybrid,lambda,XRPUSDT,49.413,0,2026-09-28T13:27:14.849975+00:00,2026-09-29T13:27:31.603201+00:00
3,Q3_hybrid,batch_only,XRPUSDT,59.515,0,2026-09-28T13:27:14.849975+00:00,2026-09-29T13:27:31.762006+00:00
3,Q3_hybrid,speed_only,XRPUSDT,49.226,0,2026-09-28T13:27:14.849975+00:00,2026-09-29T13:27:31.762006+00:00
3,Q3_hybrid,lambda,XRPUSDT,50.411,0,2026-09-28T13:27:14.849975+00:00,2026-09-29T13:27:31.762006+00:00
4,Q3_hybrid,batch_only,XRPUSDT,50.193,0,2026-09-28T13:27:14.849975+00:00,2026-09-29T13:27:31.922168+00:00
4,Q3_hybrid,speed_only,XRPUSDT,49.846,0,2026-09-28T13:27:14.849975+00:00,2026-09-29T13:27:31.922168+00:00
4,Q3_hybrid,lambda,XRPUSDT,68.461,0,2026-09-28T13:27:14.849975+00:00,2026-09-29T13:27:31.922168+00:00
5,Q3_hybrid,batch_only,XRPUSDT,62.242,0,2026-09-28T13:27:14.849975+00:00,2026-09-29T13:27:32.089839+00:00
5,Q3_hybrid,speed_only,XRPUSDT,50.46,0,2026-09-28T13:27:14.849975+00:00,2026-09-29T13:27:32.089839+00:00
5,Q3_hybrid,lambda,XRPUSDT,58.608,0,2026-09-28T13:27:14.849975+00:00,2026-09-29T13:27:32.089839+00:00
